Company,Country,Year,Slogan
Crest,US,1972,Fighting cavities is the whole idea behind Crest.
Crest,US,1974,You can’t beat Crest for fighting cavities.
Crest,US,1975,"The sooner the Crest, the fewer the cavities."
Crest,US,1980,We’re working to make cavities a thing of the past.
Crest,US,1982,Fight cavities with the best Crest yet.
Crest,US,1983,We want what you want. Kids without cavities.
Crest,US,1999,The power behind a healthy smile.
Crest,US,1999,Creating smiles every day.
Crest,US,2009,"Healthy, beautiful smiles for life."
Crest,US,2011,Life opens up if you do Crest.
Neutrogena,US,1955,The soap that makes your skin sing.
Neutrogena,US,1980,Now there is a Neutrogena for hair.
Neutrogena,US,1980,Look for it at better drugstores everywhere.
Neutrogena,US,1988,The sensitive soap for sensitive people.
Neutrogena,US,1995,One drop. All day. Every day.
Neutrogena,US,1995,Pure formula. Amber color. Clear beauty.
Neutrogena,US,2006,#1 dermatologist recommended suncare.
Neutrogena,US,2007,Beautiful. Beneficial.
Neutrogena,US,2010,#1 dermatologist recommended.
Neutrogena,US,2013,#1 dermatologist recommended skincare.
Nivea,UK,1985,"Blueprint for soft, lovely skin."
Nivea,UK,2002,Taking care of you.
Nivea,UK,2003,Stay cool and dry with Nivea deodorant for men.
Nivea,UK,2003,"Stay soft, Nivea soft."
Nivea,UK,2007,Beauty is silence.
Nivea,UK,2007,Beauty is timeless.
Nivea,UK,2008,Beauty is liberating.
Nivea,UK,2009,Beauty is a statement.
Nivea,UK,2009,Beaty is confidence.
Nivea,UK,2009,Beauty is now and forever.
Andrex,UK,1980,"Soft, strong and very long."
Andrex,UK,1984,Longer lasting value.
Andrex,UK,1986,The legendary toilet tissue.
Andrex,UK,1989,Soft. Strong. Long. And lots.
Andrex,UK,2000,Strong even when wet.
Andrex,UK,2001,"Soft, strong and very very clean."
Andrex,UK,2001,At a price you’ll love.
Andrex,UK,2001,Soft strong and long.
Andrex,UK,2003,Looking out for the family.
Andrex,UK,2003,Say thank you.
Dove,US,1980,Dove is 1/4 moisturizing cream.
Dove,US,1982,Dove is better because it doesn’t dry like soap.
Dove,US,1996,For the beauty that’s already there.
Dove,US,2000,No bar is milder.
Dove,US,2003,Who treats delicate skin better than Dove.
Dove,US,2003,Dove for fine colour-treated hair.
Dove,US,2003,Dove is different than soap.
Dove,US,2008,Goodbye damage. Good morning beautiful hair.
Dove,US,2013,You are more beautiful than you think.
Dove,US,2018,Dove cleans beautifully.
Avon,UK,1982,First for Christmas.
Avon,UK,1985,Get to know your Avon lady.
Avon,UK,1985,You never looked so good.
Avon,UK,1985,The beauty business.
Avon,UK,1993,Brings beauty home to you.
Avon,UK,1994,Understanding what makes you beautiful.
Avon,UK,2000,Join the Avon revolution.
Avon,UK,2002,The spirit of summer.
Avon,UK,2003,Let’s talk.
Avon,UK,2008,The company for women.
CoverGirl,US,1981,"Now lipcolor so sheer, so fresh, it had to be called a blush."
CoverGirl,US,1993,Where naturally beautiful skin begins.
CoverGirl,US,1993,Redefining beautiful.
CoverGirl,US,1994,Renew your skin with replenishing make-up.
CoverGirl,US,1994,Magnify your lashes like never before.
CoverGirl,US,1994,Nail color that looks shiny wet long after its day.
CoverGirl,US,1995,Natural. Beautiful. Just right for you. Guaranteed.
CoverGirl,US,1995,Dramatically magnified lashes that still look so natural.
CoverGirl,US,2003,Easy breezy beautiful Cover Girl.
CoverGirl,US,2009,Light up your eyes.
Pantene Pro-V,UK,2000,The difference to your hair is clear too.
Pantene Pro-V,UK,2000,Love your hair.
Pantene Pro-V,UK,2000,Skin care thinking for hair.
Pantene Pro-V,UK,2000,Love your hair
Pantene Pro-V,UK,2002,Combats all 6 signs of unhealthy looking hair.
Pantene Pro-V,UK,2002,You try it. You decide.
Pantene Pro-V,UK,2004,For hair so healthy it shines.
Pantene Pro-V,UK,2004,Put back what life takes out.
Pantene Pro-V,UK,2005,UK’s No1 mousse.
Pantene Pro-V,UK,2007,Keeping your colour looking vibrant.
Pantene Pro-V,US,2000,For the healthy hair you love.
Pantene Pro-V,US,2003,Celebrating what women have to say.
Pantene Pro-V,US,2003,That’s the beauty of health.
Pantene Pro-V,US,2005,Tame it instantly.
Pantene Pro-V,US,2006,Get all the how-to’s for good do’s.
Pantene Pro-V,US,2008,Healthy makes it happen.
Pantene Pro-V,US,2013,Hair so healthy it shines.
Pantene Pro-V,US,2014,Shine strong.
Pantene Pro-V,US,2016,Strong is beautiful.
Tampax,US,1972,Our only interest is protecting you.
Tampax,US,1974,The internal protection more women trust.
Tampax,US,1981,More absorbency choices for today’s needs.
Tampax,US,1983,Tampax protection. It’s such a comfort.
Tampax,US,1983,"The first time, every time tampon."
Tampax,US,1988,The better way to deal with your period.
Tampax,US,2010,Outsmart mother nature.
Tampax,US,2016,Wear what you want.
Tampax,US,2018,Power over periods.
Aveeno,US,2006,"Discover nature’s secret for healthy, beautiful lips."
Aveeno,US,2006,"Discover nature’s secret for healthy, beautiful skin."
Aveeno,US,2006,Discover nature’s secret for naturally radiant skin.
Aveeno,US,2006,Discover nature’s secret for calming sensitive skin.
Aveeno,US,2007,Discover nature’s secret for healthy radiant skin.
Aveeno,US,2007,Active naturals.
Aveeno,US,2008,Discover nature’s secret.
Aveeno,US,2008,Discover natures’s secret for ageless beauty.
Aveeno,US,2009,Positively ageless.
Nivea Sun,UK,1984,Play safe when the sun comes out.
Nivea Sun,UK,1985,The lovliest tan under the sun.
Nivea Sun,UK,2000,Spray your way to a natural tan.
Nivea Sun,UK,2001,Rub in the colour. Rub on the protection.
Nivea Sun,UK,2004,Pampering suncare.
Nivea Sun,UK,2005,Immediate protection.
Nivea Sun,UK,2007,Shine!
Nivea Sun,UK,2008,Get immediate protection with the world’s No.1 suncare brand.
Almay,US,1981,Make up your mind before you make up your face.
Almay,US,1984,Because everyone can have sensitive skin.
Almay,US,1985,Is all I need.
Almay,US,1999,Fresh effortless beauty.
Almay,US,2006,Beauty 1-2-3.
Almay,US,2007,Hypoallergetic. Dermatologist tested.
Almay,US,2009,Hypoallergetic. Eco-friendly. Natural.
Almay,US,2013,Makeup made for sensitive skin.
Revlon,US,1956,If it’s the finest in cosmetics – It’s by Revlon.
Revlon,US,1981,The professional nail care you use at home.
Revlon,US,1993,The most unforgettable women in the world wear Revlon.
Revlon,US,2000,Not just more colour. Your colour.
Revlon,US,2001,On a bad day there is always a lipstick.
Revlon,US,2002,Only Revlon makes it. Only you make it unforgettable.
Revlon,US,2010,Feel the love.
Revlon,US,2014,Love is on.
Neutrogena,UK,1983,Dedicated to skin care.
Neutrogena,UK,1986,Caring for your skin.
Neutrogena,UK,1992,Discover your natural best.
Neutrogena,UK,2001,Beautiful & beneficial.
Neutrogena,UK,2002,The confidence of naked skin.
Neutrogena,UK,2003,It works.
Neutrogena,UK,2009,Dermatologist tested.
Neutrogena,UK,2017,Developed with dermatologists.
L’Oréal,UK,1984,Lasting style with a natural touch.
L’Oréal,UK,2005,Tailor-made technologies for every styling need.
L’Oréal,UK,2007,Protect the colour you love.
L’Oréal,UK,2008,In the salons of the world’s greatest hairdressers.
L’Oréal,UK,2008,The future of your skin is in your hands. You’re worth it.
L’Oréal,UK,2009,Because you’re worth it.
L’Oréal,UK,2014,Beauty for all.
L’Oréal,UK,2016,All worth it.
Jergens,US,1980,It’s improved. And your hands will prove it.
Jergens,US,1998,Nourishes your skin.
Jergens,US,2004,Love your body.
Jergens,US,2006,Glowing skin is in.
Jergens,US,2007,Put your best skin out there.
Jergens,US,2010,The beautiful difference.
Jergens,US,2016,Jergens is more than a moisturizer. You are more than just a pretty face.
Jergens,US,2019,Let your beautiful shine.
Listerine,UK,1979,It’s enough to take your breath away.
Listerine,UK,2002,Bad for bacteria. Good for gums.
Listerine,UK,2006,You know your mouth’s clean with Listerine.
Listerine,UK,2006,No other mouthwash beats Listerine at cutting through plaque.
Listerine,UK,2007,"What brushing starts, Listerine finishes."
Listerine,UK,2008,Total oral health.
Listerine,UK,2009,There’s no deeper clean than Listerine.
Listerine,UK,2016,Where’s your mouth been?
Dove,UK,2000,All-day dryness with added skin care.
Dove,UK,2000,Help yourself to well fed – skin.
Dove,UK,2003,Effective protection. Beautiful result.
Dove,UK,2003,Moisturised hair. Beautiful hair.
Dove,UK,2005,Can women be hotter at 40 than 20? Join the beauty debate.
Dove,UK,2008,Approved by real women.
Dove,UK,2008,Good morning beautiful hair.
Dove,UK,2013,Be your beautiful self.
Piz Buin,UK,1983,Your safe way to the perfect tan.
Piz Buin,UK,1985,The colour you want to be.
Piz Buin,UK,2002,Take the hassle out of looking good.
Piz Buin,UK,2002,Your equipment.
Piz Buin,UK,2003,Tested in the Sahara.
Piz Buin,UK,2006,Each application is like a day in the sun.
Piz Buin,UK,2008,Life is better in the sun.
Piz Buin,UK,2009,For face and body – Dial your perfect colour.
No7,UK,1983,Nobody does it better.
No7,UK,1987,Get ready to see the difference.
No7,UK,1996,Be extraordinary not ordinary.
No7,UK,2003,Seven times the impact.
No7,UK,2009,Not just a pretty face.
No7,UK,2013,"She’s not air brushed, she’s not retouched, she’s just No7."
No7,UK,2016,Ready for more.
Wella,UK,1979,We know about hair.
Wella,UK,1983,Intelligent hair care.
Wella,UK,1985,The experience is beautiful.
Wella,UK,1990,You can see the thinking.
Wella,UK,2005,Celebrating 125 years of styling excellence.
Wella,UK,2009,Hair comes alive in our hands.
Wella,UK,2012,Wella. Passionately professional.
Nivea,US,1980,Moisturizes in more ways than one.
Nivea,US,1997,The beauty of healthy skin.
Nivea,US,1999,Nivea brings your skin to life.
Nivea,US,2007,Touch and be touched.
Nivea,US,2008,Kiss and be kissed.
Nivea,US,2010,Beautiful moments are born in the shower.
Nivea,US,2010,Live your beauty.
Secret,US,1980,"Strong enough for a man, but made just for you."
Secret,US,1994,Strong enough for a man. But now the ultimate in dryness for you.
Secret,US,2005,Strong enough for a woman.
Secret,US,2007,Because you’re hot.
Secret,US,2007,Strong like a woman.
Secret,US,2010,Fearlessness. Apply daily.
Secret,US,2016,Stress tested for women.
Kleenex,UK,1954,No more germ-filled handkerchiefs – use hygienic Kleenex.
Kleenex,UK,1954,No more sore noses – use gentle Kleenex.
Kleenex,UK,1988,Softness is our strength.
Kleenex,UK,2001,Pack a pocket pack.
Kleenex,UK,2008,Let it out.
Kleenex,UK,2012,Wipe away your day.
Kleenex,UK,2013,Where’s your Kleenex when you need it?
Colgate,US,1976,Colgate puts the fresh in your mouth.
Colgate,US,1980,Colgate helps stop cavities before they start.
Colgate,US,1981,It stays on the job fighting cavities.
Colgate,US,1983,The maximum fluoride protection in any toothpaste.
Colgate,US,1998,The brushing that works between brushings.
Colgate,US,2007,"So clean, you can feel it."
Colgate,US,2016,Visibly whiter.
Stayfree Mini Pads,US,1975,Why wear more than you have to?
Stayfree Mini Pads,US,1976,With tampons. And without.
Stayfree Mini Pads,US,1976,"Now, better than ever."
Stayfree Mini Pads,US,1977,The answer.
Stayfree Mini Pads,US,1977,"So many times, it’s the answer."
Stayfree Mini Pads,US,1981,Altogether twice as nice for light-flow days.
Stayfree Mini Pads,US,1982,Serious small-pad protection.
Macleans,UK,1961,Did you Maclean your teeth today?
Macleans,UK,1987,All toothpastes are not the same.
Macleans,UK,2000,Live your life the way you want to with Macleans Whitening.
Macleans,UK,2000,Bring out the natural whiteness.
Macleans,UK,2005,Maclean your teeth.
Macleans,UK,2009,Be ready.
Macleans,UK,2016,Shine with Macleans.
Radox,UK,1987,Wickedly soft.
Radox,UK,2000,Moisturise your skin and invigorate your senses.
Radox,UK,2000,You’ve just experienced Radoxology.
Radox,UK,2002,Rediscover the real you with Radox.
Radox,UK,2006,That’s better.
Radox,UK,2007,Know how.
Radox,UK,2009,Be selfish.
Brylcreem,UK,1950,Use Brylcreem – Most men do.
Brylcreem,UK,1964,He’s a Brylcreem man.
Brylcreem,UK,1975,A little dab of Brylcreem on your hair gives you the Brylcreem bounce.
Brylcreem,UK,2002,You are now leaving Bad Barnet.
Brylcreem,UK,2004,All you need is Brylcreem.
Brylcreem,UK,2007,Styling since 1928.
Brylcreem,UK,2013,Since 1928.
Infusium 23,US,1993,It works.
Infusium 23,US,2002,The leave-in you’ll believe in.
Infusium 23,US,2004,The new frizz control you’ll believe in.
Infusium 23,US,2006,Believe in it.
Infusium 23,US,2007,Beauty down to a science.
Infusium 23,US,2010,Better than ever hair days.
Infusium 23,US,2014,The miracle of beautiful hair.
Noxzema,US,1980,For good skin Every day.
Noxzema,US,1981,Twice a day for good skin.
Noxzema,US,1981,The tough astringent with the soft touch.
Noxzema,US,1994,For healthy looking skin.
Noxzema,US,1996,Noxzema clean. Plus moisture. Just what thirsty skin ordered.
Noxzema,US,1999,Feel fitness within every inch of your skin.
Noxzema,US,2008,Noxzema. Pretty. Smart.
Max Factor,US,1982,Don’t you love being a woman?
Max Factor,US,1994,What’s she wearing?
Max Factor,US,1996,Performing for movie makeup artists and you.
Max Factor,US,1996,Makeup that performs.
Max Factor,US,2006,Makeup with attitude.
Max Factor,US,2007,"Makeup, maximized."
Wilkinson Sword,UK,1963,Forged with the craftsman’s care for perfection.
Wilkinson Sword,UK,1963,Tempered by craftsmen – Honed with loving care.
Wilkinson Sword,UK,1964,The name on the world’s finest blades.
Wilkinson Sword,UK,2000,The feel of smartdesign.
Wilkinson Sword,UK,2002,Gives your business the edge.
Wilkinson Sword,UK,2003,Get ready.
Nouvelle,UK,2000,Soft on your bum bum bum.
Nouvelle,UK,2001,"The softer, friendlier toilet tissue."
Nouvelle,UK,2001,Take the Nouvelle softness challenge.
Nouvelle,UK,2003,100% soft & recycled.
Nouvelle,UK,2009,The easy way to do your bit.
Nouvelle,UK,2014,Softest ever.
Impulse,UK,2000,Act on impulse.
Impulse,UK,2001,Free your arms.
Impulse,UK,2002,Make your skin strokeable.
Impulse,UK,2004,Love every bit.
Impulse,UK,2007,Everyone loves acting on impulse.
Impulse,UK,2009,Your everyday fragrance.
Herbal Essences,UK,2001,Now twice the organic experience.
Herbal Essences,UK,2004,A multiple organic experience.
Herbal Essences,UK,2005,Why settle for just one.?
Herbal Essences,UK,2008,For instant shine just add H2o o o.
Herbal Essences,UK,2009,The great escape.
Herbal Essences,UK,2012,It does beautiful things to your head.
Head & Shoulders,UK,2000,"The source of dandruff – free, kissable hair."
Head & Shoulders,UK,2002,Wear your hair with pride.
Head & Shoulders,UK,2002,Stay faithful.
Head & Shoulders,UK,2002,Keeps the men in black in black.
Head & Shoulders,UK,2005,Don’t let dandruff get in the way of something beautiful.
Head & Shoulders,UK,2008,For hair you can’t get enough of.
Physicians Formula,US,1993,Hypoallergenic is just the beginning.
Physicians Formula,US,2006,Dedicated to sensitive skin since 1937.
Physicians Formula,US,2007,Your eyes won’t believe your face.
Physicians Formula,US,2009,Your beauty. Our passion. We promise.
Physicians Formula,US,2011,Your skin. Our passion. We promise.
Physicians Formula,US,2013,Your skin. Our passion. Your beauty.
Nivea For Men,UK,2000,"Whatever else irritates you, with Nivea for Men sensitive after shave balm, it won’t be your skin."
Nivea For Men,UK,2000,Dare to care.
Nivea For Men,UK,2002,Looking after your skin doesn’t mean behaving like a girl.
Nivea For Men,UK,2007,Extra soothing moisturiser is available in all the same places you buy yours.
Nivea For Men,UK,2008,It’s what you do.
Nivea For Men,UK,2009,What men want.
Revlon,UK,1986,The difference between looking good and looking great.
Revlon,UK,1997,Revolutionary.
Revlon,UK,2000,Feel like a woman!
Revlon,UK,2002,Be unforgettable.
Revlon,UK,2002,It’s fabulous being a woman.
Revlon,UK,2016,Love is on.
Imperial Leather,UK,1950,The toilet luxuries of exquisite character.
Imperial Leather,UK,1985,The name says it all.
Imperial Leather,UK,2001,Release the lather.
Imperial Leather,UK,2002,Official sponsor’s of the Commonwealth fun and Games.
Imperial Leather,UK,2002,Where will your bathtime take you?
Imperial Leather,UK,2008,Huggable snuggable skin.
Pond’s,US,1972,Bring your skin back alive.
Pond’s,US,1973,Only Ponds has it.
Pond’s,US,1973,For skin like peaches and cream.
Pond’s,US,2004,Your face deserves it.
Pond’s,US,2010,Simply beautiful skin since 1846.
Pond’s,US,2011,Trust in a classic.
Colgate Total,US,2003,12-hour protection worth recommending.
Colgate Total,US,2007,Fights germs for 12 hours.
Colgate Total,US,2008,Upgrade to the healthier side of whitening.
Colgate Total,US,2009,Actively fights germs for 12 hours.
Colgate Total,US,2010,Choose the healthier side of whitening.
Colgate Total,US,2019,Do more for your whole mouth.
Clairol Natural Instincts,US,2004,Less damaged. More color wonderful.
Clairol Natural Instincts,US,2006,It’s more you.
Clairol Natural Instincts,US,2007,"From Clairol, naturally."
Clairol Natural Instincts,US,2007,Natural instincts. From Clairol naturally.
Clairol Natural Instincts,US,2009,It’s all good.
Clairol Natural Instincts,US,2013,The healthier haircolor indulgence.
Clarins,UK,1987,The problem solver in skin care. Premier in France.
Clarins,UK,1997,No one understands your skin better.
Clarins,UK,2007,"It’s a fact. With Clarins, life’s more beautiful."
Clarins,UK,2009,The European leader in luxury skincare.
Clarins,UK,2009,The UK leader in luxury skin care.
Clarins,UK,2017,It’s all about you.
Burt’s Bees,US,2009,Fabulously fresh body wash.
Burt’s Bees,US,2011,Discover the beauty of well-beeing.
Burt’s Bees,US,2012,Nature becomes you.
Burt’s Bees,US,2014,Nature knows color.
Burt’s Bees,US,2014,Uncap flavor.
Burt’s Bees,US,2019,True to nature.
Carefree,UK,2001,Feel free. Feel Carefree.
Carefree,UK,2002,Adapts to your life.
Carefree,UK,2006,"It might not be visible, but it shows."
Carefree,UK,2007,Women live in a fresher world.
Carefree,UK,2009,Refresh your day.
Carefree,UK,2012,A morning fresh panty feeling all day.
Stayfree Maxi Pads,US,1972,We’re also flushable.
Stayfree Maxi Pads,US,1974,The full-size beltless napkin.
Stayfree Maxi Pads,US,1976,The number one full-size beltless protection for active women.
Stayfree Maxi Pads,US,1977,For active women. Like you.
Stayfree Maxi Pads,US,1980,The comfort you can count on.
Stayfree Maxi Pads,US,1983,The shape of confidence.
Old Spice,US,2007,Experience is everything.
Old Spice,US,2010,"Smell like a man, man."
Old Spice,US,2010,Where freshness smells from.
Old Spice,US,2011,Smell better than yourself.
Old Spice,US,2014,Smellcome to manhood.
Old Spice,US,2014,Smell like a man from head to toes.
Suave,US,1958,The luxury hairdressing.
Suave,US,1985,Suave makes you look like you spent a fortune on your hair.
Suave,US,2004,What guys want. For less.
Suave,US,2006,Say yes to beautiful without paying the price.
Suave,US,2010,Rethink specialty store fragrances.
Suave,US,2013,Rethink salon hair.
Simple,UK,1979,Not perfumed. Not coloured. Just kind.
Simple,UK,1998,Keep it simple. Not complex.
Simple,UK,2002,Keep life simple.
Simple,UK,2003,No 1 for sun sensitive skin.
Simple,UK,2005,The secret is Simple.
Simple,UK,2013,Simple goodness.
Just For Men,UK,2001,Targets only the grey.
Just For Men,UK,2003,Grey to great in 5 minutes.
Just For Men,UK,2006,The rejuvenator.
Just For Men,UK,2007,Right on target.
Just For Men,UK,2009,Because the best is yet to come.
Just For Men,UK,2012,Live forward.
Lynx,UK,1990,After a close shave.
Lynx,UK,2002,Lasts 24 hours.
Lynx,UK,2005,"Spray more, get more."
Lynx,UK,2008,It’s good to mix things up.
Lynx,UK,2011,The cleaner you are the dirtier you get.
Lynx,UK,2014,Fine fragrances for every day.
Lil-Lets,UK,2001,Let you get on with it.
Lil-Lets,UK,2002,Proven the best protection.
Lil-Lets,UK,2003,New Lil-Lets extra comfort.
Lil-Lets,UK,2006,The ultimate fit.
Lil-Lets,UK,2017,It’s time to move on.
Pond’s,UK,1985,What doesn’t it do for your skin?
Pond’s,UK,1987,The effect is beautiful.
Pond’s,UK,1990,Helps skin stand the test of time.
Pond’s,UK,1993,No-one treats your skin like Pond’s.
Pond’s,UK,2005,Caring for skin since 1846.
Caress,US,1982,Caress with bath oil. For the soft you can’t get from soap.
Caress,US,1993,"Before you dress, Caress."
Caress,US,2006,Caress yourself in a glowing touch.
Caress,US,2007,Play with beauty.
Caress,US,2013,Skin to be seen in.
Tena,UK,1993,The professional approach to managing incontinence.
Tena,UK,2002,Trusted worldwide.
Tena,UK,2006,Better care at a lower cost.
Tena,UK,2008,"For millions of women, the secret is Tena."
Tena,UK,2009,Feel free.
Always Ultra,UK,1993,Always cleaner Always drier.
Always Ultra,UK,2000,Good news about better protection.
Always Ultra,UK,2001,Talking your body’s language.
Always Ultra,UK,2003,Feel comfortable and protected.
Always Ultra,UK,2005,Periods are great.
Playtex Tampons,US,1976,Playtex next month. For more complete protection. Obviously.
Playtex Tampons,US,1982,Choose Playtex? You bet!
Playtex Tampons,US,1983,Playtex protects better.
Playtex Tampons,US,1984,More comfort than cardboard. More comfort than ever.
Playtex Tampons,US,2006,So comfortable you can’t even feel them.
Lacoste,UK,2002,Style on skin.
Lacoste,UK,2004,Style in play.
Lacoste,UK,2008,Free your energy.
Lacoste,UK,2008,Free your mind.
Lacoste,UK,2014,Life is a beautiful sport.
Sally Hansen,UK,1989,Beauty begins with care.
Sally Hansen,UK,2000,The No1 name in nails.
Sally Hansen,UK,2007,The No1 nail expert.
Sally Hansen,UK,2013,#1 UK nail care expert.
Sally Hansen,UK,2018,Self-made beauty.
OPI,US,2007,The culture of color.
OPI,US,2009,Breathe life.
OPI,US,2012,"The shine-intense, instantly dry, long-lasting salon manicure."
OPI,US,2013,Try it on at opi.com.
OPI,US,2016,#1 salon brand worldwide.
Clairol,UK,1989,Tools of the trade.
Clairol,UK,2000,Loving care reveals the real you.
Clairol,UK,2003,"Experts in colour, chosen by you."
Clairol,UK,2006,Colour wonderful.
Clairol,UK,2016,Your color expert.
Kotex,US,1983,"You can pay more, but you won’t get more."
Kotex,US,2007,Kotex fits. Period.
Kotex,US,2009,Move freely.
Kotex,US,2010,Break the cycle.
Kotex,US,2012,Your period is as unique as you are.
Tabac Original,UK,1979,A rather discreet aftershave.
Tabac Original,UK,1979,It makes a refreshing change.
Tabac Original,UK,1985,The individual fragrance.
Tabac Original,UK,2001,The man’s fragrance for Christmas.
Tabac Original,UK,2002,Tradition. Style. Elegance.
Clairol,US,1976,The beauty makers.
Clairol,US,1981,The amazing 30 minute beauty prescription that’s worth every minute.
Clairol,US,1988,Great looks were never this good for your hair.
Clairol,US,1993,Gorgeous hair is the best revenge.
Clairol,US,1994,Give your color a little kick.
Avon,US,1961,75 years of beauty service to the home.
Avon,US,1993,Women are beautiful.
Avon,US,1993,The smartest shop in town.
Avon,US,2006,Hello tomorrow.
Avon,US,2007,The company for women.
Oil of Olay,US,1993,Hold on to young skin.
Oil of Olay,US,1994,"Uncover very visible, younger looking results."
Oil of Olay,US,1996,A lifetime of beautiful skin.
Oil of Olay,US,1998,Proven to drench your skin with moisture.
Oil of Olay,US,1999,Lasting Olay color that cares.
Angel Soft,US,2003,A good thing is still a good thing.
Angel Soft,US,2004,Comfort where you want it.
Angel Soft,US,2004,Even more comfort where you want it.
Angel Soft,US,2008,The value you want. The comfort they need.
Angel Soft,US,2010,An ideal balance of softness and strength.
Rimmel,UK,1998,There are no limits.
Rimmel,UK,2000,Makeup your own language.
Rimmel,UK,2001,It’s everywhere you look.
Rimmel,UK,2008,For curves in all the right places!
Rimmel,UK,2012,Get the London look.
Right Guard,UK,2002,A Right Guard underarm is a confident underarm.
Right Guard,UK,2003,All day time released protection for women.
Right Guard,UK,2003,Right through the day.
Right Guard,UK,2006,Nothing’s worth sweating over.
Right Guard,UK,2008,A 24 hour man needs a 24 hour deodorant.
Murad,US,1996,Developed by a doctor. Not a cosmetic company.
Murad,US,2007,Where skincare meets healthcare.
Murad,US,2009,Transforming skincare.
Murad,US,2013,Better every day.
Murad,US,2016,A connected life is a beautiful life.
Murad,US,1989,Feeling well – feeling Goldwell.
Murad,US,1993,The beauty professionals.
Murad,US,2005,Professional haircare.
Murad,US,2007,Closer to stylists. Closer to hair.
Murad,US,2013,Show-stopping blonde doesn’t start on the shelf.
Nivea Visage,UK,1994,Naturally beautiful facecare. Today and tomorrow.
Nivea Visage,UK,2003,Intense rejuvenating care.
Nivea Visage,UK,2004,Indulgent care.
Nivea Visage,UK,2005,Face care inspired by the way your skin works.
Nivea Visage,UK,2009,Beauty is pleasure.
Sally Hansen,US,1980,America’s number one nail protection.
Sally Hansen,US,2002,Healing beauty.
Sally Hansen,US,2006,The science behind the beauty.
Sally Hansen,US,2006,America’s hair removal expert.
Sally Hansen,US,2007,Beauty that works.
Dentyl,UK,2003,See the results for yourself.
Dentyl,UK,2004,See the evidence – Feel the freshness.
Dentyl,UK,2005,No other mouthwash works in the same way.
Dentyl,UK,2008,Shake it – See it – Feel it.
Dentyl,UK,2009,It’s a smooooth taste.
Manhattan,heute Manhattan Cosmetics,1989,Creative Make up.
Manhattan,heute Manhattan Cosmetics,1999,Express yourself.
Manhattan,heute Manhattan Cosmetics,1999,Express yourself!
Manhattan,heute Manhattan Cosmetics,2003,Make up your life.
Manhattan,heute Manhattan Cosmetics,2009,Express your own beauty.
Gillette,UK,1965,Gillette G-man.
Gillette,UK,2000,Put some shimmer in your shave.
Gillette,UK,2003,Try cooling aftershave gel to treat your skin even better.
Gillette,UK,2008,Prepare to be your best today.
Gillette,UK,2009,The best a man can get.
Gillette,UK,1994,The essence of beauty.
Gillette,UK,2000,It works. For you.
Gillette,UK,2005,The beauty guarantee.
Gillette,UK,2009,"Create fresh, new skin."
Gillette,UK,2009,For women whose time is now.
Secret Platinum,US,1999,Anything stronger you’ll need a prescription.
Secret Platinum,US,2004,When you’re strong you sparkle.
Secret Platinum,US,2006,My Secret.
Secret Platinum,US,2009,Because you’re hot.
Lux,UK,1991,Beauty begins with Lux.
Lux,UK,1992,Star treatment for your skin.
Lux,UK,1996,Bring out the star in you.
Lux,UK,2004,Brings out the * in you.
Bodyform,UK,1987,The only towels shaped to fit you.
Bodyform,UK,2002,Made for an active life.
Bodyform,UK,2006,Vote for change – Wear Bodyform.
Bodyform,UK,2016,Live fearless.
RoC,UK,1985,Formulated to minimise the risk of allergy.
RoC,UK,1987,Uncompromising for your beauty.
RoC,UK,1989,Hypo-allergenic without perfume.
RoC,UK,2008,We keep our promises.
Dial,US,1981,Aren’t you glad you use Dial?
Dial,US,1981,With twice the active deodorant ingredient.
Dial,US,2003,Aren’t you glad you used Dial?
Dial,US,2008,Healthier skin. Healthier you.
Prell,US,1980,Prell holds on to the freshness.
Prell,US,1981,Prell’s freshness lasts even the day after you shampoo.
Prell,US,1981,"For the fullest, thickest, fluffiest hair you can have."
Prell,US,1986,The unbeatable body-building system.
Prell,US,2002,Shocking styles.
Prell,US,2003,Hair. Style.
Prell,US,2010,I love Paul Mitchell. Since 1980.
Prell,US,2017,Live beautifully.
Sephora,US,2002,Beauty is how you see it.
Sephora,US,2010,The beauty authority.
Sephora,US,2016,Let’s beauty together.
Sephora,US,2017,Beauty uncomplicated.
Lubriderm,US,2003,A pure approach to healthier skin.
Lubriderm,US,2008,The skin therapist.
Lubriderm,US,2008,The healthy skin experts.
Lubriderm,US,2013,"Your moisture, matched."
Nioxin,US,1997,How beautiful hair begins.
Nioxin,US,2000,Your non-drug alternative for thinning hair.
Nioxin,US,2002,Growing stronger.
Nioxin,US,2002,The science of living hair.
Sensodyne,US,2004,Stop the pain of sensitive teeth and more.
Sensodyne,US,2006,"Stop the pain, start the soothing."
Sensodyne,US,2006,Dentist recommended to stop the pain.
Sensodyne,US,2009,#1 recommended brand for sensitive teeth.
Charmin,UK,2000,Nothing beats the comfortable cleaner feel of Charmin Ultra.
Charmin,UK,2002,Nothing’s softer than Charmin.
Charmin,UK,2002,Proven softest.
Charmin,UK,2008,Other papers are flat in comparison.
Curel,US,1985,New Curel ends dry skin.
Curel,US,2003,Get the Curel.
Curel,US,2004,Freedom from dry skin.
Curel,US,2010,See cure in the Curél.
Softsoap,US,1980,Soap without the soupy mess.
Softsoap,US,2006,Feel the softness.
Softsoap,US,2008,So you. So fabulous. So Softsoap.
Softsoap,US,2014,Dress up your sink.
Breck,US,1972,Helps your hair stay outdoor-fresh.
Breck,US,1975,Beautiful hair begins with Breck.
Breck,US,1980,I just tried Breck again. And wow!
Breck,US,1983,By any comparison. You’re always ahead with Breck.
Salon Selectives,US,1993,Choose to be your most beautiful. Salon beautiful.
Salon Selectives,US,1995,Select your elements of style.
Salon Selectives,US,1996,The elements of style.
Salon Selectives,US,1997,See how great your hair can be.
Aveeno,UK,2006,Discover nature’s secret for clearly beautiful skin.
Aveeno,UK,2007,"Discover nature’s secret for beautiful, healthy-looking skin."
Aveeno,UK,2008,Discover nature’s secret for healthy looking skin.
Aveeno,UK,2019,Get skin happy.
Toni Cosmetics,UK,1960,Which twin has the Toni?
Toni Cosmetics,UK,1962,Men like girls with lovely hair and we help girls to please men.
Toni Cosmetics,UK,1964,Body – thats all a girl needs!
Toni Cosmetics,UK,1965,Body! What it did for this girl.
Cutex,US,1972,The No.1 nail polish in France.
Cutex,US,1980,For knock-out nails.
Cutex,US,1985,Perfect color. For nails and lips.
Cutex,US,1998,Love the style. Trust the heritage.
Essie,US,2007,The best dressed nails for over 25 years.
Essie,US,2007,Ultimate colour for the best dressed nails.
Essie,US,2009,If the color fits. Wear it.
Essie,US,2013,America’s nail salon expert. Since 1981.
Old Spice Red Zone,US,2004,It’s all about performance.
Old Spice Red Zone,US,2004,Stay in the zone.
Old Spice Red Zone,US,2006,Our strongest clear gel on the planet.
Old Spice Red Zone,US,2007,There’s no shame in soft skin. Keep it clean.
Palmolive Soft & Gentle,UK,1998,It’s soft and gentle cool cotton. You’ll love the way it feels.
Palmolive Soft & Gentle,UK,2001,Get the natural look.
Palmolive Soft & Gentle,UK,2004,Natural confidence for body & mind.
Palmolive Soft & Gentle,UK,2007,Feelgood protection for everyday life.
Colgate,UK,1983,Now in two great tastes.
Colgate,UK,1995,Twice as many dentists families use Colgate.
Colgate,UK,1996,Protection for the little menaces.
Colgate,UK,2001,The world leader in oral care.
Remington,UK,2000,Guaranteed to perform.
Remington,UK,2002,What a great shave feels like.
Remington,UK,2006,It’s what’s on the outside that counts.
Remington,UK,2010,How the world gets ready.
Remington,UK,1999,The trendsetter company.
Remington,UK,1999,Die Make Up Trendsetter.
Remington,UK,2010,Simply the best!
Remington,UK,2015,My beauty my way.
L’Oréal,US,1973,Because I’m worth it.
L’Oréal,US,1993,More beautiful by design.
L’Oréal,US,2006,Because you’re worth it.
L’Oréal,US,2013,Advanced haircare.
L’Oréal Men Expert,UK,2007,You’re worth it too.
L’Oréal Men Expert,UK,2007,They’re worth it too.
L’Oréal Men Expert,UK,2007,Expert technology for every man’s skin. You’re worth it.
L’Oréal Men Expert,UK,2008,The future of your skin is in your hands. You’re worth it.
Witch,UK,2001,Natural skin confidence.
Witch,UK,2002,Remove everyday grime. Reveal the natural you.
Witch,UK,2003,Refreshingly gentle.
Witch,UK,2006,True skin refreshment.
Quilted Northern,US,2003,It’s all in the quilting.
Quilted Northern,US,2006,Treat yourself to plush-quilts every day.
Quilted Northern,US,2007,A pattern of caring.
Quilted Northern,US,2014,Stop wiping. Start pampering.
St. Ives,US,1995,Made to work in the harsh Swiss Alps.
St. Ives,US,2007,Visibly healthy. Naturally swiss.
St. Ives,US,2009,Reveal your naturally beautiful skin.
St. Ives,US,2012,Fresh. Better. Naturally.
Clearasil,UK,2001,Gentle power from Clearasil. Now you’re in the clear.
Clearasil,UK,2002,We do clear skin.
Clearasil,UK,2002,Clearskin. Clearasil.
Clearasil,UK,2008,Clearer skin all day every day.
Dove Deodorant,UK,2001,Makes you soft. Keeps you dry.
Dove Deodorant,UK,2008,The beauty treatment for your underarms.
Dove Deodorant,UK,2009,Leaves skin smooth.
Dove Deodorant,UK,2011,Effective protection. Beautiful result.
Olay,US,2004,Let your skin drink it in.
Olay,US,2006,Love the skin you’re in.
Olay,US,2010,Olay. Challenge what’s possible.
Olay,US,2019,Killer skin.
Olay,UK,2003,Out of love for your skin.
Olay,UK,2009,Love the skin you’re in.
Olay,UK,2009,Definitely love the skin you’re in.
Olay,UK,2012,Olay. Challenge what’s possible.
Bioré,US,2007,Pore perfect.
Bioré,US,2009,Beauty starts here.
Bioré,US,2013,Get a clean face.
Bioré,US,2016,Free your pores!
Listerine,US,2003,"Worth the time, every time."
Listerine,US,2006,Easy does it.
Listerine,US,2007,"Always a bridesmaid, but never a bride."
Listerine,US,2007,Do it for your mouth. Do it for life.
Rausch,CH,2009,Herbal cosmetics from Switzerland.
Rausch,CH,2009,Competence since 1890.
Rausch,CH,2010,The Swiss specialist in herbal hair & body care since 1890.
Rausch,CH,2013,The power of herbs – for skin and hair.
Depend,UK,1990,The freedom you deserve.
Depend,UK,2000,Discreet protection from Depend. What’s stopping you?
Depend,UK,2006,Live life.
Depend,UK,2007,Always beautiful nails.
Tampax,UK,1996,Trust is Tampax.
Tampax,UK,2008,Miniskirt. Maxi confidence.
Tampax,UK,2013,Outsmart mother nature.
Tampax,UK,2017,Power over periods.
Always,US,2006,Have a happy period.
Always,US,2013,Clean – dry – fresh.
Always,US,2014,Rewrite the rules.
Always,US,2017,Keep going.
Cuticura,UK,1979,The fresh ones.
Cuticura,UK,1988,"Caring, cleansing, Cuticura."
Cuticura,UK,1988,"Cool, caring, Cuticura talc."
Cuticura,UK,2012,For healthy hands.
Carex,UK,1995,"To kill germs and moisturise, always handle with Carex."
Carex,UK,2001,Give it a couple of squirts.
Carex,UK,2002,Are you a washer or a walker? Give it a couple of squirts.
Carex,UK,2006,The hand Carexperts.
GHD,UK,2004,Urban angels made not born.
GHD,UK,2009,A new religion for hair.
GHD,UK,2009,You can do anything with your hair.
GHD,UK,2013,"Good hair day, every day."
GHD,UK,2004,Style – made for connection.
GHD,UK,2004,Style to connect!
GHD,UK,2013,Style attract play.
GHD,UK,2018,Your style. Your way.
GHD,UK,2001,Professional haircare for you.
GHD,UK,2003,Together. A passion for hair.
GHD,UK,2009,For you.
GHD,UK,2018,Create your style.
Sure,UK,2002,Kind on skin.
Sure,UK,2002,Our best anti-perspirant protection ever.
Sure,UK,2007,It won’t let you down.
Sure,UK,2012,Unapologetically strong.
Head & Shoulders,US,1984,It’s a beautiful experience.
Head & Shoulders,US,2004,Surprise yourself.
Head & Shoulders,US,2008,A great hair day starts at the scalp.
Head & Shoulders,US,2016,Live head first.
Head & Shoulders,US,1975,First class cosmetic.
Head & Shoulders,US,1990,Soft Glamour.
Head & Shoulders,US,1991,It’s beauty!
Head & Shoulders,US,1993,The care company.
Lipcote,UK,1983,My secret is Lipcote – Make it yours.
Lipcote,UK,2000,It only comes off when you want it to.
Lipcote,UK,2005,The original long lasting lipstick sealer.
Lipcote,UK,2008,Lipstick’s lost without it.
Scholl,UK,1989,Take comfort in Scholl.
Scholl,UK,1997,Don’t forget your feet.
Scholl,UK,2000,Keep body and Scholl together.
Scholl,UK,2002,For that barefoot feeling.
Degree,US,2004,Kicks in the clutch.
Degree,US,2005,It won’t let you down.
Degree,US,2006,100% little black dress approved.
Degree,US,2009,Dare to have it all.
Garnier,US,2002,Trust your haircolor to an expert.
Garnier,US,2003,Trust them they’re the experts.
Garnier,US,2007,Take care.
Garnier,US,2019,By Garnier naturally!
Playtex,US,1972,Self-adjusting and deodorant The Playtex dual-protective tampon.
Playtex,US,1980,Make yours a double.
Playtex,US,1981,I count on Playtex. So can you.
Playtex,US,2006,It’s just another day.
Chanel Chance,UK,2002,The unexpected new Chanel fragrance.
Chanel Chance,UK,2003,Take it.
Chanel Chance,UK,2005,The unexpected fragrance.
Chanel Chance,UK,2012,Which chance is yours?
Maybelline,US,1961,Devoted exclusively to eye beauty.
Maybelline,US,1996,Just the latest and the greatest.
Maybelline,US,2006,Maybe she’s born with it. Maybe it’s Maybelline.
Maybelline,US,2016,Make it happen.
Sure & Natural,US,1980,The first full-size napkin that’s thin and comfortable.
Sure & Natural,US,1981,"The only full-size napkin this thin, this comfortable."
Sure & Natural,US,1983,Super protection inside a thin comfortable pad.
Aussie,UK,2003,"Great hair, no worries."
Aussie,UK,2006,"The Aussie philosophy. There’s more to life than hair, but it’s a good place to start."
Aussie,UK,2015,"There’s more to life than hair, but it’s a good place to start."
Rave,US,1983,Relax. Get a Rave.
Rave,US,1985,No odor. And definitely no frizz.
Rave,US,2013,No more bad hair days.
Mudd,UK,2000,Leaves skin so clean it can breathe.
Mudd,UK,2003,Pure inDDulgence.
Mudd,UK,2005,Pure indulgence.
Seabond,UK,2001,Gum tight hold all day.
Seabond,UK,2005,Gum-tight fit all-day.
Seabond,UK,2009,Holds dentures with no messing about.
Ban,US,1981,The roll-on more people depend on.
Ban,US,1983,It’s like an invisible layer that helps protect you and your clothes from wetness.
Ban,US,2004,We’ll take care of sweat and odour. The rest is up to you.
Aubrey Organics,US,2003,"100% natural hair, skin & body care."
Aubrey Organics,US,2008,The intelligent choice.
Aubrey Organics,US,2009,100% natural since 1967.
Clarisonic,US,2011,The power to be beautiful.
Clarisonic,US,2013,Trust your skin to clairisonic.
Clarisonic,US,2013,We promise to transform your skin.
Finesse,US,1993,Finesse your hair to beautiful.
Finesse,US,1996,Softness and body? That takes Finesse.
Finesse,US,1997,Get the look that gets the touch.
Sure Crystal,UK,2003,White marks? No thanks.
Sure Crystal,UK,2005,Avoid unwanted Christmas decorations.
Sure Crystal,UK,2007,Protect yourself from white marks.
Louis Marcel,UK,1984,The hair removal specialists who care about your skin.
Louis Marcel,UK,1987,For smooth operators.
Louis Marcel,UK,1988,Never a hair out of place.
Attends,UK,2002,Freedom to enjoy life.
Attends,UK,2011,Dryness you can rely on.
Attends,UK,2011,Incredible but true: super dry – extremely comfortable!
Stayfree,US,1980,The first beltless napkin in super.
Stayfree,US,1982,Comfort a woman can count on.
Stayfree,US,2006,Real life needs protection. Life proof protection.
Banana Boat,US,2004,Celebrate the sun.
Banana Boat,US,2007,Every shade of happy.
Banana Boat,US,2009,We’ve got you covered.
Secret,UK,2000,As strong as a woman.
Secret,UK,2000,"Simply strong, simply fresh, simply you."
Secret,UK,2001,Keeps you drier than any aerosol can.
Astral,UK,2000,From the richest moisturiser comes the silkiest skin.
Astral,UK,2002,How every woman should feel.
Astral,UK,2007,For heavenly skin.
RetarDEX,UK,2007,Increase your confidence zone.
RetarDEX,UK,2008,"Don’t just freshen bad breath, eliminate it."
RetarDEX,UK,2009,Give your breath the all-clear.
Redken,US,1993,The power behind beautiful hair.
Redken,US,1994,Beauty through science.
Redken,US,2002,Get inspired. See your stylist.
Clinique,UK,2000,Find three minutes and spend them on yourself.
Clinique,UK,2004,Clinique stops you from streaking.
Clinique,UK,2009,Allergy tested. 100% fragrance free.
Remington,US,1940,Two heads are better than one!
Remington,US,2008,The look you want.
Remington,US,2012,How the world gets ready.
Sure,US,1980,I’m drier. I’m sure.
Sure,US,1981,An extra day of dryness just to be sure.
Sure,US,1984,You’ll sure feel different.
Brut,US,1978,Brut by Faberge. The fragrance designer.
Brut,US,1980,"Brut for men by Faberge. After shave, after shower, after anything."
Brut,US,2009,The essence of man.
Clinomyn,UK,2000,Restores the natural colour of your teeth.
Clinomyn,UK,2002,Gives stains the brush-off.
Clinomyn,UK,2002,Put on a happy face.
Aussie,US,2002,Because everyone’s a hair different.
Aussie,US,2004,To each her own.
Aussie,US,2006,Add some Roo to your do.
Braun,UK,1985,Keeping teeth clean.
Braun,UK,1988,Designed to perform.
Braun,UK,2007,Shave your style.
Sure for Men,UK,2000,"At Sure For Men, we sweat so you don’t have to."
Sure for Men,UK,2001,Whatever makes you sweat.
Sure for Men,UK,2005,It won’t let you down during the Lions tour.
Sure for Men,UK,1988,Art of deco.
Sure for Men,UK,1989,Art of care.
Sure for Men,UK,1990,Art of Guhl.
Sanex,UK,2000,Helps keep skin healthy.
Sanex,UK,2002,Healthy looking skin.
Sanex,UK,2009,Keeps skin healthy.
Brite Smile,UK,2002,"Don’t look good, look fantastic."
Brite Smile,UK,2002,Whiter teeth in just about one hour.
Brite Smile,UK,2004,We promise to make you smile.
The Body Shop,UK,2007,Naturally at The Body Shop and nowhere else.
The Body Shop,UK,2008,Festive & fair.
The Body Shop,UK,2010,Nature’s way to beautiful.
The Body Shop,UK,2003,Style on skin.
The Body Shop,UK,2004,Style in play.
The Body Shop,UK,2019,Life is a beautiful sport. Since 1933.
Sensodyne,UK,2000,Total care for sensitive teeth.
Sensodyne,UK,2002,A sensible idea from the sensitivity experts.
Sensodyne,UK,2013,"Sensodyne, no.1 dentist recommended brand for sensitive teeth."
Sunsilk,UK,2003,For daily wear and tear.
Sunsilk,UK,2005,A helping hand to style your hair.
Sunsilk,UK,2005,Wash out your hair monsters with Sunsilk.
Charmin,US,1980,"It’s so squeezably soft, you gotta hug it!"
Charmin,US,2003,Softer and stronger for your end zone.
Charmin,US,2006,Best for bear bottoms.
Cetaphil,US,2004,Get serious. Get Cetaphil.
Cetaphil,US,2009,"Isn’t it time you discovered pure, simple skin care the Cetaphil way."
Cetaphil,US,2012,Every age. Every stage. Every day.
Cachet,UK,1990,It is as individual as you are.
Cachet,UK,1990,It’s as individual as you are.
Cachet,UK,1991,The essence of individuality.
Barry M,UK,2007,The most colourful name in cosmetics.
Barry M,UK,2009,Wake up your make-up.
Barry M,UK,2012,Make everyday beautiful.
Charmin Comfort,UK,2003,Softer and more absorbent.
Charmin Comfort,UK,2003,The softest and strongest for Bear behinds.
Charmin Comfort,UK,2004,Ch Ch Choose Charmin.
Axe,US,2007,How dirty boys get clean.
Axe,US,2009,Get girl-approved hair.
Axe,US,2016,Find your magic.
Axe,US,2002,The Axe effect.
Axe,US,2002,Wake up in slow motion … end up in high speed.
Axe,US,2016,Find your magic.
Axe,US,1995,Be good. Be bad. Just be.
Axe,US,1995,A fragrance for a man or a woman.
Axe,US,2005,You’re the one.
Givaudan,CH,2009,Leading sensory innovation.
Givaudan,CH,2010,Engaging the senses.
Givaudan,CH,2015,Engage your senses.
Right Guard,US,1994,Anything less would be uncivilized.
Right Guard,US,2008,Never get caught off Guard.
Right Guard,US,2013,Right Guard for the win!
Right Guard,US,2002,It’s an Australian thing.
Right Guard,US,2003,For a great head.
Right Guard,US,2012,Anti ordinary.
Gold Bond Ultimate Healing,US,2003,Brings your skin back to life.
Gold Bond Ultimate Healing,US,2003,For skin that loves to be touched.
Gold Bond Ultimate Healing,US,2003,Ultimate moisturizing. Ultimate care.
Garnier Nutrisse,UK,2003,Nourished for stunning hair.
Garnier Nutrisse,UK,2004,Better hair better colour.
Garnier Nutrisse,UK,2016,Nourished hair. Better color.
Mary Kay,US,1982,That’s the beauty of Mary Kay.
Mary Kay,US,2012,Your way to beautiful.
Mary Kay,US,2015,Discover what you love.
Mary Kay,US,2008,Passion for skin & beauty care.
Mary Kay,US,2010,We care.
Mary Kay,US,2011,Focus on skincare. Closer to markets.
Botox Cosmetic,US,2002,"It’s not magic, it’s Botox Cosmetic."
Botox Cosmetic,US,2007,The one. The only.
Botox Cosmetic,US,2010,There’s only one Botox Cosmetic.
Clairol Born Blonde,US,1973,Not just a little blonder. And not just a lot of bleach.
Clairol Born Blonde,US,1976,Born Blonde is real blonde.
Clairol Born Blonde,US,1981,The tenderest blonding from Clairol.
Schwarzkopf,UK,1998,aHead in beautiful hair.
Schwarzkopf,UK,2003,Always professional.
Schwarzkopf,UK,2006,Professional hair care for you.
Bodyform Invisible,UK,2001,"Safer, fresher and more comfortable."
Bodyform Invisible,UK,2001,Bodyform invisible with natural feel.
Bodyform Invisible,UK,2003,Super absorbent. Super discreet.
Bain de Soleil,US,1993,The intelligent tan.
Bain de Soleil,US,2001,A place more colorful.
Bain de Soleil,US,2007,Welcome to a place more colorful.
TRESemmé,UK,2008,Used by professionals.
TRESemmé,UK,2009,Professional – Affordable.
TRESemmé,UK,2015,Professional at your fingertips.
Clairol Herbal Essences,US,2002,A totally organic experience.
Clairol Herbal Essences,US,2003,"Yeah, we thought so."
Clairol Herbal Essences,US,2004,Style with pow!
Fa,US,2006,How Fa will you go?
Fa,US,2007,Feel good freshness.
Fa,US,2012,Feel fantastic.
Fa,US,2003,The quality of hair extensions.
Fa,US,2005,The art of hairextension.
Fa,US,2014,The art of hair creation.
Mitchum,US,1973,For problem perspiration.
Mitchum,US,2009,Superior-strength protection without the prescription-strength price.
Mitchum,US,2012,Love thy pits.
Blanx,UK,2006,Naturally white.
Blanx,UK,2007,A gentle natural way to whiter teeth.
Blanx,UK,2008,Naturally whiter teeth.
Paul Mitchell,UK,2002,Do you deserve a little treat?
Paul Mitchell,UK,2007,Good hairdressers have it.
Paul Mitchell,UK,2008,Luxury hair care.
Poise,UK,2001,"Whichever Poise is for you, it’s the discreet way to a normal day."
Poise,UK,2003,We do our job so you can do yours.
Poise,UK,2005,Yes I can.
ESPA,UK,2000,Pure. Natural. Effective.
ESPA,UK,2002,Nothing else.
ESPA,UK,2005,Products – Treatments – Lifestyle – Nothing else.
ESPA,UK,1996,Seize the moment.
ESPA,UK,1997,Never enough of you.
ESPA,UK,1999,Celebrate your feminity.
King of Shaves,UK,2000,The world’s best shave!
King of Shaves,UK,2009,The future of shaving.
King of Shaves,UK,2012,Join our kingdom.
Paul Mitchell,US,1998,Got a problem? See your hairstylist.
Paul Mitchell,US,2002,The true professional.
Paul Mitchell,US,2013,The best in professional salon hair care products.
L’Anza,UK,2005,Healing haircare.
L’Anza,UK,2006,Be part of the new generation.
L’Anza,UK,2012,Healing is the foundation for beautiful hair.
Wet N Wild,US,2007,What are you wild about?
Wet N Wild,US,2013,All access beauty.
Wet N Wild,US,2016,Stay wild.
Poise,US,1998,Poise gives you the freedom to be yourself.
Poise,US,2004,The right pad just got better.
Poise,US,2009,Keep your Poise.
Personal Touch,US,1981,Experience the cosmetic shave today!
Personal Touch,US,1981,A special smooth from Personal Touch.
Personal Touch,US,1988,She’s got the personal touch.
Consort,US,1987,Grooming gear for real guys.
Consort,US,2000,Made only for men. ‘Cuz guys are different.
Consort,US,2013,Where regular guys look good.
Elizabeth Arden,US,1994,Healthy living healthy looking skin.
Elizabeth Arden,US,1997,First name in beauty.
Elizabeth Arden,US,1999,Embrace yourself.
DDF,US,2007,Upgrade from promise to results.
DDF,US,2008,From promises to results.
DDF,US,2012,Rewrite your skin’s future look.
Coty,UK,1956,Wake up beautiful!
Coty,UK,1989,Make it a Christmas to remember.
Coty,UK,2012,A world of beauty.
Ivory,US,1984,Not fancy just fabulous.
Ivory,US,2008,"The name you trust for good, clean family fun!"
Ivory,US,2013,"Keep it pure, clean & simple."
Yardley,UK,1993,The caring face of Yardley.
Yardley,UK,1994,Care and colour combined.
Yardley,UK,2010,Inspired by nature.
Dentyl ph,UK,2001,For ultimate fresh breath.
Dentyl ph,UK,2001,Sure to take your breath away.
Dentyl ph,UK,2002,It looks different. It is different. It really works.
Velvet,UK,2001,There’s toilet tissue and there’s Velvet.
Velvet,UK,2002,Moments of luxury.
Velvet,UK,2003,Love your bum.
Veet,UK,2005,Are you still a wax virgin?
Veet,UK,2006,A feeling that lasts.
Veet,UK,2009,What beauty feels like.
Corsodyl,UK,2001,Remember Corsodyl and you can forget about gum disease.
Corsodyl,UK,2001,The best selling way to help stop your gums bleeding.
Corsodyl,UK,2002,No better treatment for bleeding gums.
Aquafresh,US,1980,Double protection Aquafresh fights cavities and freshens breath.
Aquafresh,US,1983,Triple protection Aquafresh. The complete toothpaste.
Aquafresh,US,2009,Amazing.
Prescriptives,US,1993,When you need more.
Prescriptives,US,2003,Custom beauty.
Prescriptives,US,2013,Established 1979. Refreshed 2011.
Coty,US,1980,We make looking beautiful easy.
Coty,US,2010,Faster. Further. Freer.
Coty,US,2012,A world of beauty.
Nivea Deodorant,UK,2003,Effective – Kind – New.
Nivea Deodorant,UK,2006,The 24/7 workaholic deodorant.
Nivea Deodorant,UK,2007,Don’t let the pressure show.
Decleor,UK,2002,The specialists in aroma skincare.
Decleor,UK,2005,The trusted leader in aromatherapy.
Decleor,UK,2008,Simply the best.
Decleor,UK,1996,Art through technology.
Decleor,UK,2003,The lifestyle company.
Decleor,UK,2005,Feel your beauty.
Odo-Ro-No,UK,1960,Hasn’t she ever heard of Odo-Ro-No.
Odo-Ro-No,UK,1960,Spray perspiration troubles away!
Odo-Ro-No,UK,1960,Stay as sweet as you are 24 hours a day.
Odo-Ro-No,UK,1996,Come in and find out.
Odo-Ro-No,UK,2013,Your partner in beauty.
Odo-Ro-No,UK,2018,Do it for you.
Keri,US,1993,Keri is so very nourishing.
Keri,US,2007,Keri. Feel beautiful.
Keri,US,2014,All day soft. All day smooth.
KMS,US,1994,Technically beautiful hair.
KMS,US,2000,Cleanse. Reconstruct. Style.
KMS,US,2010,Express yourself.
Arm & Hammer Advance White,US,2004,A healthy way to white.
Arm & Hammer Advance White,US,2006,Fresh from the dentist clean feeling.
Arm & Hammer Advance White,US,2010,"It’s the secret to deeper, better clean."
New Freedom,US,1974,No pins – No belts – No doubt.
New Freedom,US,1980,It’s not just beltless. It’s better.
New Freedom,US,1981,We’re working to give you more.
Daisy,US,1983,The best and safest women’s disposable shaver.
Daisy,US,1984,For a shave you want to show off.
Daisy,US,2007,Love your legs.
Oral-B,UK,2008,Recharge your smile.
Oral-B,UK,2009,The power of a dentist clean feeling everyday.
Oral-B,UK,2013,The toothbrush brand more dentists recommend and use worldwide.
Norelco,US,1987,Where close and comfortable come face to face.
Norelco,US,1992,We make close comfortable.
Norelco,US,1994,Our closest shave. Ever.
Just For Men,US,1999,So natural no one can tell.
Just For Men,US,2008,Keep your edge.
Just For Men,US,2012,Live forward.
Just For Men,US,2002,Creating care competence.
Just For Men,US,2012,Natural & effective.
Just For Men,US,2013,In harmony with nature and your expectations.
Estee Lauder,UK,2005,Defining beauty.
Estee Lauder,UK,2007,Every wish granted. Every gift wrapped.
Estee Lauder,UK,2007,The new fragrance to live in all year long.
VO5,UK,1988,It all adds up to control.
VO5,UK,2009,Light up your magic.
VO5,UK,2013,UK’s no.1 styling brand.
Nivea Soft,UK,2001,A sensational experience.
Nivea Soft,UK,2005,Feel the care.
Nivea Soft,UK,2006,Uncomplicated skincare.
Vichy,UK,1987,Purely effective skin care.
Vichy,UK,1998,Well-being reflected in a healthy skin.
Vichy,UK,2013,Your ideal skin.
Alberto VO5,US,1982,The moisturizing shampoo that lets you recapture the spirited beauty of Indian legend.
Alberto VO5,US,2003,Hair care for real life.
Alberto VO5,US,2006,How hair comes alive!
Poli-Grip,UK,2000,"Taste what’s on your plate, not what’s under it."
Poli-Grip,UK,2001,Get a grip with Poli-Grip.
Poli-Grip,UK,2003,The firm favourite for denture wearers.
Original Source,UK,2000,It’s the essential oils that make the difference.
Original Source,UK,2001,No synthetic perfumes. No nonsense.
Original Source,UK,2006,Packed with natural stuff.
John Frieda Sheer Blonde,UK,2002,Nobody knows blonde hair like John Frieda.
John Frieda Sheer Blonde,UK,2003,Are you ready?
John Frieda Sheer Blonde,UK,2003,"Be a lighter, brighter blonde."
Origins,UK,1996,Beauty begins with your well-being.
Origins,UK,2003,Where feeling good is only natural.
Origins,UK,2006,The genius of nature.
Nexxus,US,2013,Raise your standard.
Nexxus,US,2016,For hair that lives to move.
Nexxus,US,2016,New York salon care.
Nexxus,US,1994,Sun control.
Nexxus,US,1997,The suncare specialist.
Nexxus,US,2013,Beautiful under the sun.
European Wax Center,US,2013,Waxing for all.
European Wax Center,US,2016,Revealing beautiful skin.
European Wax Center,US,2019,Revealing you. Revealing beautiful skin.
European Wax Center,US,1995,Light up your day!
European Wax Center,US,1999,Summer inside you.
European Wax Center,US,2010,Everyone loves a sun moment.
Ralph Lauren Glamourous,UK,2002,A new kind of glamour.
Ralph Lauren Glamourous,UK,2003,The glamourous fragrance for her.
CK One,UK,2001,A fragrance for a man or a woman.
CK One,UK,2009,For all for ever.
CND,US,2012,Hands. Feet. Beauty.
CND,US,2013,Nails. Fashion. Beauty.
Sheer Blonde,UK,2003,"Be a lighter, brighter blonde."
Sheer Blonde,UK,2004,Stand up for your blonde with Sheer Blonde.
Gaultier 2,UK,2005,"The power of two, to share."
Gaultier 2,UK,2006,I’ve got to have you.
Gaultier 2,UK,2005,"The power of two, to share."
Gaultier 2,UK,2007,I’ve got to have you.
Nouvelle Soft,UK,2008,Totally soft. Totally recycled.
Nouvelle Soft,UK,2014,Nature will thank you.
Elizabeth Arden,UK,2000,Real beauty. Real quality. Real value.
Elizabeth Arden,UK,2002,Open for beauty.
Efferdent Plus,US,2003,Get confident. Get Efferdent.
Efferdent Plus,US,2004,The confident clean.
Cachet,US,1973,It’s the fragrance as individual as you are.
Cachet,US,1981,It’s different on every woman who wears it.
CamoCare,US,1999,The C that works.
CamoCare,US,2002,Functional skin care – Naturally.
Phisoderm,US,1973,It leaves your skin the way nature intended.
Phisoderm,US,1982,"Every day. For the cleanest clean, gently."
Elnett,UK,1988,The finest hairspray used by the finest hairdressers.
Elnett,UK,2003,The finest hairspray used by the finest stylists.
Elnett,UK,2010,Quality through research.
Elnett,UK,2010,Science for healthy skin.
Elnett,UK,2005,Natural Hi-Tech.
Elnett,UK,2015,Take care.
Nivea Visage,US,1993,Europe’s #1 moisturizer.
Nivea Visage,US,1997,Nivea brings your face to life.
Nivea Visage,US,2010,Beauty and manicure made in Solingen!
Nivea Visage,US,2013,Since 1896.
Maybelline,UK,1991,Maybe she’s born with it. Maybe it’s Maybelline.
Maybelline,UK,2009,Maybe it’s Maybelline.
Maybelline,UK,2014,Maybe it’s Maybelline.
Maybelline,UK,2016,Make it happen.
Garnier,UK,2006,No one makes the sun safer.
Garnier,UK,2009,Take care.
Pevonia Botanica,US,2008,Discover Pevonia Green: pevonia.com.
Pevonia Botanica,US,2013,Natural ingredients. Professional results.
Pert,US,1980,It happens with Pert shampoo.
Pert,US,1982,For bouncin’ & behavin’ hair.
Max Factor Mascara,US,1980,Take your eyes to the maxi.
Max Factor Mascara,US,1986,The glamour goes on.
Selsun Blue,US,2003,Never wear black without the blue.
Selsun Blue,US,2004,"For healthy, beautiful hair."
Dr. Brandt,US,2010,Take the doctor home with you.
Dr. Brandt,US,2017,Skin-changing science.
Depend,US,2004,You’re in control.
Depend,US,2005,Because little things mean a lot.
Max Factor,UK,1989,Make your beauty come to life.
Max Factor,UK,2009,The make-up of make-up artists.
Sensiq,UK,1990,Made purely for you.
Sensiq,UK,1992,Colour was never so pure.
Pears Soap,UK,1989,Pure and gentle.
Pears Soap,UK,1998,The original since 1807.
Shiseido,US,1993,Follow the sun with total confidence.
Shiseido,US,1995,The pureness of youth can be kept as long as you care.
Silvikrin,UK,1988,Brings back that loving feeling.
Silvikrin,UK,2003,For a long lasting style.
Brylcreem,US,1955,A little dab’l do ya.
Brylcreem,US,2008,Effortless.
Gold Bond,US,2003,The powder to be your best.
Gold Bond,US,2004,Gold Bond works.
Soft & Dri,US,1983,Soft & Dri helps when you’re nervous inside.
Soft & Dri,US,2013,Be soft. Be dry. Be confident…no matter what.
Diorskin,UK,2003,Make-up to fit your skin.
Diorskin,UK,2007,Skin dressed in Dior.
O.B.,US,2007,Mighty. Small.
O.B.,US,2007,Know yourself.
DivaCup,US,2012,"Finally, a better way!"
DivaCup,US,2016,A better period experience.
Lynx Dry,UK,2007,More than a deodorant – An antiperspirant.
Lynx Dry,UK,2008,Stay focused.
Borghese,US,1997,Essential Italian beauty.
Borghese,US,2013,Discover the secrets of tuscan beauty.
Softex,US,1972,We’re out to save your teeth.
Softex,US,1975,Your family’s teeth deserve Softex.
Ouidad,US,2003,We’ve been there. The curl experts.
Ouidad,US,2013,The curl experts.
Bonne Bell,US,1955,Don’t let your face tell time!
Bonne Bell,US,2013,Love color!
Sophia by Coty,US,1981,"Like the woman who inspired it, always magnificent. Never the same"
Sophia by Coty,US,1984,Wear it with passion.
Oil of Ulay,UK,1998,We can prove long lasting colour can care.
Oil of Ulay,UK,1998,We can prove our colour can care.
Oil of Ulay,UK,2005,Live your passion.
Oil of Ulay,UK,2005,A new passionate fragrance.
Organic Surge,UK,2008,Think happy.
Organic Surge,UK,2013,Live life better.
Drom,UK,2000,Be different.
Drom,UK,2003,Real life – In every single drop.
St. Ives,UK,2002,Natural. Powerful. Proven.
St. Ives,UK,2007,Visibly healthy. Naturally Swiss.
Dove Exfoliant,US,2003,Fresh beautiful skin everyday.
Dove Exfoliant,US,2003,Fresh skin daily.
Dove Exfoliant,US,2010,Pretty powerful.
Dove Exfoliant,US,2016,Be who you are.
Goldwell,CH,2011,Intelligent care for hair.
Goldwell,CH,2012,Closer to stylists. Closer to hair.
Dove Shampoo,UK,2002,The secret of beautiful hair.
Dove Shampoo,UK,2002,Unbeatable moisturisation.
Old Spice High Endurance,US,2005,Keep cool. Smell great.
Old Spice High Endurance,US,2006,The easiest way to get clean from head to toe.
Old Spice Swagger,US,2008,The scent that makes a difference.
Old Spice Swagger,US,2016,Smell ’em who’s boss.
Stayfree Ultra Thin,US,2003,Stay clean. Stay fresh. Stayfree.
Stayfree Ultra Thin,US,2005,Dry protection you can trust.
Paco Rabanne,UK,1983,What is remembered is up to you.
Paco Rabanne,UK,2002,Whether she remembers depends on you.
Palmer’s,UK,2000,Restore what’s naturally yours.
Palmer’s,UK,2012,Perfect formula. Extraordinary results.
Palmer’s,UK,2003,Designed to make a difference.
Palmer’s,UK,2009,Design desire.
Palmer’s Cocoa Butter Formula,UK,1996,Everything Palmer’s touches turns to soft.
Palmer’s Cocoa Butter Formula,UK,2009,Proven formula. Extraordinaray results.
Pantene Pro-V Clarifying,UK,2001,For healthy hair to fall in love with.
Pantene Pro-V Clarifying,UK,2003,A lighter kind of shine.
Brut,UK,2004,Wise women buy Brut – Wise men wear it.
Brut,UK,2009,For real men.
Signal,UK,1984,With the stripes that help to heal.
Signal,UK,2004,We’ve earned our stripes.
Dior Addict,UK,2002,Admit it.
Dior Addict,UK,2012,Be iconic.
Dior Capture Totale,UK,2007,More beautiful today than you were at 20.
Dior Capture Totale,UK,2007,"Your age, the most beautiful age."
Gillette,US,1980,Really treats a woman right.
Gillette,US,2004,The best a man can get.
Gillette,US,2012,It’s easy. It works.
Gillette,US,2012,Discover your smile.
Palmolive,UK,1987,Hair care for everyone.
Palmolive,UK,1991,Palmolive by name. And by nature.
Palmolive,UK,2003,You’re so beautiful.
Palmolive,UK,2012,The medical beauty company.
Nurture,UK,2003,Because beauty starts from within.
Nurture,UK,2008,For inner health & outer beauty.
Magicool,UK,2002,A cool sensation anytime.
Magicool,UK,2012,Touch the cooling future.
Nutra Nail,US,2004,Nutra Nail grows nails.
Nutra Nail,US,2013,Making natural nails beautiful.
Braun Oral-B,UK,2003,Precisely.
Braun Oral-B,UK,2008,Brush like a dentist.
Macleans Whitening,UK,2001,No white lies.
Macleans Whitening,UK,2001,One month to a more confident smile.
Macleans White & Shine,UK,2006,"Don’t just whiten, shine."
Macleans White & Shine,UK,2007,Don’t just clean – Shine.
Macleans Ice Whitening,UK,2001,Cool as ice.
Macleans Ice Whitening,UK,2003,Discover the power of a whiter smile.
Macleans Ice Whitening,UK,2009,Advanced professional skincare.
Macleans Ice Whitening,UK,2013,Advanced skin care backed by science.
Ebba Los Angeles,US,2010,Love. Dream. Create.
Ebba Los Angeles,US,2010,"Unique creations for her, for him, for the home and for the soul."
Palmer’s Coconut Oil Formula,US,2010,Perfect formula. Extraordinary results.
Palmer’s Coconut Oil Formula,US,2016,The nature of you.
Skintimate,US,1996,Drench your legs in moisture.
Skintimate,US,2002,Get Skintimate with your legs.
Palmer’s Cocoa Butter Formula,US,2009,Proven formula. Extraordinary results.
Palmer’s Cocoa Butter Formula,US,2013,Perfect formula. Extraordinary results.
Dark & Lovely,US,2004,"My style, my way."
Dark & Lovely,US,2016,We are dark and lovely.
Dark & Lovely,US,2002,"Be young, have fun."
Dark & Lovely,US,2003,Everything else is up to you.
Dark & Lovely,US,1999,Feel free.
Dark & Lovely,US,2005,Feel fresh. Feel free. Carefree.
Clairol Condition,US,1974,The professional treatment for mistreated hair.
Clairol Condition,US,1980,Get into condition. It’ll leave your hair physically fit.
Revlon ColorStay,US,1996,It’s a revolution for your lips!
Revlon ColorStay,US,2009,Minerals never looked so good.
Euphoria,US,2007,Live the dream.
Euphoria,US,2016,Free the fantasy.
Naturtint,US,2012,Naturally better.
Naturtint,US,2013,Color right with Naturtint!
Mum,UK,1989,And now kinder to your pocket.
Mum,UK,2008,Mum deodorant – Used successfully for 120 years.
Clean & Clear,UK,2008,Clean & Clear and under control.
Clean & Clear,UK,2013,Fighting spots and blackheads.
Eucryl,UK,2004,Enjoy a bigger smile with Eucryl powerful stain remover.
Eucryl,UK,2012,Powerful stain removal.
Navy,US,1993,The clean classic fragrance.
Navy,US,1997,You’re wearing NaVy and it shows.
Coppertone,US,1981,For sunsational skin.
Coppertone,US,2013,Embrace the sun.
Corn Silk,UK,1990,"Look natural, fresher, longer!"
Corn Silk,UK,2002,The choice of today’s models.
Clarins,US,2007,"It’s fact. With Clarins, life’s more beautiful."
Clarins,US,2016,It’s all about you.
Clairol Ultress,US,1996,Feel the power of color.
Clairol Ultress,US,1999,A higher definition of color.
Fixodent,UK,2000,Fixodent and forget it.
Fixodent,UK,2008,Life with more bite.
Fixodent,UK,2010,The wellness company.
Fixodent,UK,2010,I feel good in my skin.
Fixodent,UK,2010,Start your day right!
Fixodent,UK,2014,Perform like a man.
Estee Lauder,US,2009,Beautiful skin solutions.
Estee Lauder,US,2010,Bringing the best to everyone we touch.
Clairol Nice ‘n Easy,UK,2001,A beauty all your own.
Clairol Nice ‘n Easy,UK,2002,Colour that fits you perfectly.
Flore,US,1994,Tender. Sensual. Vibrant. As infinite as happiness.
Flore,US,1995,A world within.
Coty,AT,2012,Faster. Further. Freer.
Coty,AT,2012,A world of beauty.
Rimmel,US,2011,Hot Looks – Cool prices. UK’s #1.
Rimmel,US,2016,Get the London look.
Rimmel Exaggerate,UK,2000,You don’t have to be seen to be heard.
Rimmel Exaggerate,UK,2001,Get it on.
Rimmel Exaggerate,UK,2014,Your body. Your soul. Your rituals.
Rimmel Exaggerate,UK,2016,Your body. Your soul…
Fluorigard,US,1980,Fluoride dental rinse puts cavity-fighting fluoride where brushing often misses.
Fluorigard,US,1981,Fluorigard every day – For the lifetime advantage of fewer cavities.
Prescriptives,UK,2005,Doctor-designed skincare.
Prescriptives,UK,2007,"Designed for all skins, all women."
Pure Silk,US,2010,For legs like Pure Silk.
Pure Silk,US,2013,A better shave – a better you – legs like pure silk.
Pure Silk,US,2005,Set your sign.
Pure Silk,US,2014,The fragrance.
Fenjal,UK,1985,Smoothes away dry skin.
Fenjal,UK,2011,Total care. Total fragrance. Total woman.
NYC New York Color,US,2004,Glamorous. Exciting. Sophisticated.
NYC New York Color,US,2008,You’re beautiful & smart Why pay more?
Rani Kone,US,2013,Since 1981.
Rani Kone,US,2013,The finest quality & largest selling Henna in the world.
Colgate ActiBrush,UK,2001,The power to clean better.
Colgate ActiBrush,UK,2001,Simply a better clean.
Colgate Junior,UK,1986,Seriously designed for children of 6 and under.
Colgate Junior,UK,1988,A lesson learnt young is a lesson for life.
Colgate Platinum,US,1996,"The safe, gentle, everyday whitening toothpaste."
Colgate Platinum,US,1997,"The safe gentle, everyday whitening toothpaste."
Radiesse,US,2010,Natural – immediate – long-lasting.
Radiesse,US,2012,It just gets better.
Colgate Sensitive,UK,2003,Everyday protection from sensitivity.
Colgate Sensitive,UK,2005,Everyday protection for sensitive teeth.
Regaine,UK,2003,"Get the facts, get Regaine."
Regaine,UK,2003,Your hair deserves the best treatment.
Close-up,US,1975,For whiter teeth and fresh breath.
Close-up,US,2004,The taste that heats things up.
Farfalla,CH,2012,Feel beautiful.
Farfalla,CH,2012,Soft as a butterfly’s kiss.
Rembrandt,US,1999,Complete protection for your teeth and mouth.
Rembrandt,US,2003,An intense stain remover.
Rembrandt Plus,US,2000,"For sensational white teeth, you only need a toothbrush and Rembrandt Plus."
Rembrandt Plus,US,2003,Not just white. Rembrandt white.
Purell Instant Hand Sanitizer,US,2004,Powerful protection against germs.
Purell Instant Hand Sanitizer,US,2005,You can touch. Then Purell.
Purell Instant Hand Sanitizer,US,2003,Better products. Better value. Guaranteed.
Purell Instant Hand Sanitizer,US,2012,How the world gets ready.
Purell Instant Hand Sanitizer,US,1999,Follow your instinct.
Purell Instant Hand Sanitizer,US,2003,The power of female attraction.
Eylure,UK,2008,Lashes with personality.
Eylure,UK,2012,The lash specialists.
Natracare,UK,1998,Classically simple – reassuringly natural.
Natracare,UK,2009,Healthier by nature.
Euthymol,UK,1985,Start brushing with Euthymol and pass the oral examination.
Euthymol,UK,1988,"Euthymol, with eucalyptus and thymol. Decidedly individual."
Steradent,UK,1991,There’s no substitute for experience.
Steradent,UK,2012,No. 1 brand recommended by dentists.
Rene Guinot,UK,1989,Caring for the way you are.
Rene Guinot,UK,1992,Beautiful skin – Professional care.
Rene Guinot,UK,2013,Organic skincare.
Rene Guinot,UK,2013,Sense the force of baltic plants.
Rene Guinot,UK,2004,Natural Beauty made in Sweden.
Rene Guinot,UK,2011,Natural beauty from within.
Femfresh,UK,2002,Take the feeling with you.
Femfresh,UK,2012,Expert care for down there.
RoC,US,2006,France 1957.
RoC,US,2007,We keep our promises.
CoverGirl Clean Make-Up,US,1983,The make-up for that face.
CoverGirl Clean Make-Up,US,1988,That’s what looking good is all about.
Physique,US,2000,Physique science gives you the style nature didn’t.
Physique,US,2004,Longer lasting style. At last.
Molton Brown,US,2010,"Made in England, inspired by the world."
Molton Brown,US,2013,London via the world.
Piz Buin One Day Long,UK,2006,Hours of glorious protection.
Piz Buin One Day Long,UK,2007,Hours of gorgeous protection.
Chanel,UK,1950,The most treasured name in perfume.
Chanel,UK,2013,Where beauty begins.
Chanel,UK,2009,Pure colors of nature.
Chanel,UK,2012,Care for you and the world.
Chanel,UK,2003,Sara Lee makes a good day.
Chanel,UK,2013,Our mission is to simply delight you…every day.
Merle Norman,US,1980,The place for the custom face.
Merle Norman,US,2013,Made in the USA.
Schick,US,2003,Trust your intuition.
Schick,US,2014,Free your skin.
Schick Intuition,US,2011,Free your skin.
Schick Intuition,US,2013,Pure nourishment.
Schick Intuition,US,2006,Love youself!
Schick Intuition,US,2012,Your perfect moment.
Mentadent P,UK,1983,A firm foundation for healthy teeth.
Mentadent P,UK,1987,There’s more to be said for it than any other toothpaste.
Mentadent,UK,1984,The first complete cleaning programme for teeth and gums.
Mentadent,UK,1987,There’s more to be said for it than any other toothpaste.
Mentadent,UK,2006,You are so beautiful.
Mentadent,UK,2018,Makeup artists at heart.
Caswell-Massey,US,2010,America’s original since 1752.
Caswell-Massey,US,2013,America’s enlightened apothecary.
Mennen,US,1972,A new era in deodorant protection.
Mennen,US,1985,"Protects you like a man, treats you like a woman."
Colgate Dental Gum,UK,2001,It helps clean your mouth.
Colgate Dental Gum,UK,2004,That just brushed feeling in a box.
Nivea Hand,UK,1999,All your skin needs.
Nivea Hand,UK,2004,Fresher moisturising care.
Nivea Lip Care,UK,2000,"Lip repair, not lip service."
Nivea Lip Care,UK,2000,All the care your lips need.
Nivea Lip Care,UK,2010,Derma-cosmetics based on nature.
Nivea Lip Care,UK,2012,Medical care. Natural effect.
Phyto,US,1996,Beautiful healthy hair through plan B.
Phyto,US,2013,Healthy and beautiful hair through plants.
Phyto,US,2013,Beauty in science. Science for beauty.
Phyto,US,2013,If royal class is your style.
Scope,US,2008,Very fresh breath.
Scope,US,2014,The freshest fresh. Guaranteed.
Scott Extra Soft,US,2005,Common sense on a roll.
Scott Extra Soft,US,2007,Our softest ever.
Sculptra,UK,2007,"Putting back what time takes out, naturally."
Sculptra,UK,2009,"Gradual, subtle, fresh."
Carefree,US,1983,The secret of the fresh-dressed woman.
Carefree,US,2009,Refresh your day.
Chanel Allure,UK,2002,Difficult to define. Impossible to resist.
Chanel Allure,UK,2009,A new dimension of style.
Chanel Allure,UK,2012,Frownies on… frown lines gone!
Chanel Allure,UK,2012,Hollywood’s beauty secret for over 100 years!
Nivea Crème,UK,1984,The face value is priceless.
Nivea Crème,UK,1994,"Moisturises, protects and softens – All the care you need."
Nivea Crème,UK,1998,The power of colour.
Nivea Crème,UK,2000,Makeup your own language.
Nivea Crème,UK,2010,My secret perfume.
Nivea Crème,UK,2013,Be Mojo – be you!
Nivea Crème,UK,2011,The future in professional epilation.
Nivea Crème,UK,2011,Free your skin.
Crest,UK,1995,For the crest of your life.
Crest,UK,2003,See and feel the difference.
Clairesse,US,1980,Because I love the look.
Clairesse,US,1982,The haircolor you can trust.
Christy,UK,1984,A fresh look to skin care.
Christy,UK,2000,Seriously fun skin care.
Mitchum Deodorant,US,1974,The Mitchum method. Plan tonight to sweat less tomorrow.
Mitchum Deodorant,US,1977,There’s no better way to help you stay dry.
Enlighten,UK,2001,Smooth away a lifetime of lines.
Enlighten,UK,2007,Whitening has evolved.
Enlighten,UK,2011,Your beauty. Your colors. Your style.
Enlighten,UK,2015,"I’m sexy, I’m nasty, I’m Misslyn."
Crest Night Effects,US,2003,Whitens 2 x better.
Crest Night Effects,US,2004,For a visible whiter smile.
Crest Revitalise,UK,2004,The new daily beauty treatment for teeth.
Crest Revitalise,UK,2004,Invented at Crest Research. Proven by you.
Crest Revitalise,UK,2012,Safer by nature.
Crest Revitalise,UK,2013,Organic beauty.
Miss Clairol,US,1974,Does she Or doesn’t she?
Miss Clairol,US,1980,This I do for me.
Charmin Ultra,UK,2001,The most cushiony soft paper ever.
Charmin Ultra,UK,2001,You won’t believe it ’til you feel it.
Crest SpinBrush,US,2003,Two heads are really better than one.
Crest SpinBrush,US,2008,Don’t just brush.
Crest Whitestrips,US,2002,Reveal your whiter smile.
Crest Whitestrips,US,2004,Irresistibly white. Irresistibly beautiful.
Miss Dior Cherie,UK,2005,A new fragrance. A new look.
Miss Dior Cherie,UK,2006,All the charm of Dior in a fragrance.
Miss Dior Cherie,UK,2007,The fragrance for winners.
Miss Dior Cherie,UK,2007,Live the dream.
Cuccio,US,2007,Enhancing the scentual spa experience.
Cuccio,US,2013,For the love of colour.
Miss Clairol Crème Formula,US,1974,To know you’re the best you can be!
Miss Clairol Crème Formula,US,1982,The professional way to color hair.
Charlie,US,1980,"The gorgeous, sexy-young fragrance. By Revlon."
Charlie,US,1984,The fragrance that awakens to your touch.
Nivea Body,UK,2000,Your daily routine for firmer skin.
Nivea Body,UK,2007,Feel every bit gorgeous.
Plus + White Booster,US,2004,Doubles the whitening power of your toothpaste.
Plus + White Booster,US,2004,It’s hot.
Clinique,US,2002,"Find more ways to look better, longer at Clinique.com."
Clinique,US,2009,Allergy tested. 100% fragrance free.
Poligrip,UK,2005,Everything’s on the menu.
Poligrip,UK,2008,"Speak, eat and smile with confidence."
Alldays Discreet Multiform,UK,2005,There is no style of panties the new Alldays Discreet Multiform doesn’t adore.
Alldays Discreet Multiform,UK,2006,It loves them all.
Alldays Discreet Multiform,UK,2010,Feel good. Look great.
Alldays Discreet Multiform,UK,2014,More quality for your life.
Lavoris,US,1977,More dentists (including my husband) use refreshing Lavoris than any other mouthwash.
Lavoris,US,1980,The number one single mouthwash formula used by dentists.
BeachBlonde,UK,2001,No one knows summer hair like John Frieda.
BeachBlonde,UK,2002,"Sexy, sun-kissed hair year round."
BeachBlonde,UK,2008,The young lifestyle brand.
BeachBlonde,UK,2012,Passion for make up.
BeachBlonde,UK,2011,The manufacture of cosmetics.
BeachBlonde,UK,2013,Cosmetics almost like hand-made.
BeachBlonde,UK,2011,The choice of dental professionals worldwide.
BeachBlonde,UK,2014,Kenda is my choice.
Almay Hypo-Allergenic,UK,2001,The pure source for beautiful.
Almay Hypo-Allergenic,UK,2004,Colour that loves sensitive skin.
Bath Power,UK,2001,Really works.
Bath Power,UK,2005,Australia’s number 1 cleaning products.
TRESemmé,US,2008,Professional – affordable.
TRESemmé,US,2016,Used by professionals.
Harrogate Sulphur Soap,UK,2002,The original & best.
Harrogate Sulphur Soap,UK,2005,Formulated to care for your skin.
Avent Naturally,UK,2000,For life’s most exciting adventure.
Avent Naturally,UK,2001,Luxury skincare. Through pregnancy and beyond.
Bare Minerals,UK,2012,Be a force of beauty.
Bare Minerals,UK,2017,Be original. Be natural. Be good.
Wet,US,2007,It’s only natural.
Wet,US,2012,Experience the intimacy!
Wet,US,2011,The company for women.
Wet,US,2012,Be your best with the best.
Wet,US,2003,Never walk alone.
Wet,US,2013,A man has charakter. Or not.
Hawaiian Tropic,US,1984,"For a deeper, darker, beautiful tan."
Hawaiian Tropic,US,2010,The beauty of sun protection.
Tabu,US,1974,The forbidden fragrance by Dana.
Tabu,US,1996,Blame it on Tabu.
Tabu,US,2011,Made for you.
Tabu,US,2013,Beauty care from head to feet.
Barbasol,US,2003,Better buy Barbasol gel.
Barbasol,US,2013,Shave like a man.
Tommy Hilfiger,UK,1998,The real American fragrance.
Tommy Hilfiger,UK,2004,A private performance.
Tommy Hilfiger,UK,2011,We beautify the world!
Tommy Hilfiger,UK,2012,Visible effects.
Tommy Hilfiger,UK,2002,Natural beauty.
Tommy Hilfiger,UK,2011,Something naturally special.
Topol,UK,1988,That’s the Topol smile.
Topol,UK,1989,Use Topol stain-fighting toothpaste And smile.
L’Oréal Studio Line,US,1994,"Any look, any style, any way you like it."
L’Oréal Studio Line,US,1996,Create your look the way you like it.
Veet,US,2007,Are your legs touchable?
Veet,US,2013,What beauty feels like.
Albolene,US,1976,The all-cleanser skin cleanser.
Albolene,US,2003,The choice of professionals.
Jergens,UK,2009,Naturally beautiful skin begins here.
Jergens,UK,2013,Beautiful begins with skin.
Jergens,UK,1996,Pure & natural.
Jergens,UK,2004,The art and science of pure flower and plant essences.
Jergens,UK,2016,Feel the color.
Jergens,UK,2018,L.O.V yourself.
Jergens,UK,2003,My way!
Jergens,UK,2012,For living hair.
Kadus,UK,2006,My way!
Kadus,UK,2012,For living hair.
Je Suis by Lentheric,US,1976,Lentheric just put into a fragrance something that can’t be ignored.
Je Suis by Lentheric,US,1976,Let them know who you are.
Almay,UK,1983,The healthy approach to beauty.
Almay,UK,1988,Because all skins are sensitive to time.
Alldays,UK,2000,Little things can make a difference.
Alldays,UK,2006,Nothing but softness on your skin.
Alldays,UK,2011,Professional make-up.
Alldays,UK,2012,Make-up is a science.
AquaBlast,US,2003,Blast your brush clean.
AquaBlast,US,2003,Blast your dental gear clean.
Aveda,US,2009,Beauty is as beauty does.
Aveda,US,2010,The art and science of pure flower and plant essences.
Toni,US,1955,Gentle as a lamb.
Toni,US,1980,"Gentle, even on healthy color-treated hair. Toni did it!"
Lever 2000,US,2010,Because every touch counts.
Lever 2000,US,2014,For healthy fresh feeling skin.
Lever 2000,US,2000,The feel of smart design.
Lever 2000,US,2010,Free your skin.
Lever 2000,US,1998,"Don’t imitate, innovate."
Lever 2000,US,2003,Your fragrance. Your rules.
Takasago,UK,2002,Fragrances that make a difference.
Takasago,UK,2006,Creativity that connects.
Tampax Compak,UK,2002,Made to go unnoticed.
Tampax Compak,UK,2007,The effortless tampon.
Aquafresh Extreme Clean,UK,2003,Take the feeling of clean to the xtreme.
Aquafresh Extreme Clean,UK,2009,Amazing.
Ambi,US,2006,Celebrate your beauty every day.
Ambi,US,2010,The color of flawless skin.
Waterpik,UK,2004,That’s better.
Waterpik,UK,2007,Treat yourself better.
BaByliss,UK,2009,The no.1 brand in haircare.
BaByliss,UK,2010,Our ideas for your beauty.
BaByliss,UK,2003,Visionary beauty.
BaByliss,UK,2009,Power beauty since 1902.
Axe Essence,US,2003,Good and bad. That’s the Essence of every man.
Axe Essence,US,2003,Part good. Part bad.
Wahl,UK,2001,For professionals world wide.
Wahl,UK,2002,Made in the USA for professionals worldwide.
Herbal Essences Fruit Fusion,UK,2003,The experience just got fruity.
Herbal Essences Fruit Fusion,UK,2004,Have you had your daily serving.
The Perfume Shop,UK,2008,Be scentsational.
The Perfume Shop,UK,2008,Designer perfumes at desirable prices.
Klorane,UK,1983,The natural science of hair.
Klorane,UK,1985,"So whatever your hair problem, Klorane has the answer – Naturally."
Ambre Solaire,UK,2000,Making the sun safer.
Ambre Solaire,UK,2003,Relax no one makes the sun safer.
Andis,US,2003,The pick of the professionals.
Andis,US,2007,The professional’s brand.
Lady Scott,US,1972,A tissue for today.
Lady Scott,US,1975,Matching tissues to enhance the look of any bathroom.
Lady Scott,US,2011,Since 1905.
Lady Scott,US,2016,Beautiful skin is in our nature.
Ambush,US,1956,The tender trap.
Ambush,US,1997,The essence of surprise.
Kleenex Cottonelle,US,2001,So soft you’ll never switch back.
Kleenex Cottonelle,US,2015,Go Cottonelle. Go commando.
The Fragrance Foundation,US,1995,"If a picture is worth a thousand words, then your sense of smell is worth a million."
The Fragrance Foundation,US,2011,One drop changes everything.
Vivality,UK,2001,Beautiful hair full of life.
Vivality,UK,2002,Let your hair live.
Kleenex,US,2007,Let it out.
Kleenex,US,2009,It feels good to feel.
Vitint Safe & White,UK,2006,Worry-free whitening the natural way.
Vitint Safe & White,UK,2008,For natural whiter teeth.
ThermaSilk,US,1998,"Where there’s heat, there’s healthy hair."
ThermaSilk,US,2002,Turn your hair into silk.
Tena Lady,UK,2000,It’s all about confidence.
Tena Lady,UK,2005,"Change your pad, not your life."
Kent Brushes,UK,2012,The world’s finest brushes.
Kent Brushes,UK,2013,The world’s finest brushes est. 1777.
Tantowel,UK,2000,Safe tanning with Tantowel.
Tantowel,UK,2013,Look good naked.
Ban Basic,US,1976,It makes basic sense.
Ban Basic,US,1976,Effective. Very economical. And non-aerosol.
Tampax Pearl,US,2004,"Embarrassments happen, leaks shouldn’t."
Tampax Pearl,US,2016,Power over periods.
Kotex Maxi and Mini Pads,US,1981,Because accidents shouldn’t happen.
Kotex Maxi and Mini Pads,US,1981,When the last thing you need is an accident.
Kotex Maxi and Mini Pads,US,2010,The world is beautiful.
Kotex Maxi and Mini Pads,US,2015,The power of a flower.
Kotex Maxi and Mini Pads,US,2003,"Very élégante, very fun, very you."
Kotex Maxi and Mini Pads,US,2005,"Very intense, very élégant, very you."
Kotex Maxi and Mini Pads,US,2005,Choose the science. Get the magic.
Kotex Maxi and Mini Pads,US,2010,SP. The science of personalized care.
Tangle Teezer,UK,2013,Cares for the hair you wear.
Tangle Teezer,UK,2013,Wash. Brush. Hair fabulous.
Tangle Teezer,UK,2011,Healthy. Beautiful. Brown.
Tangle Teezer,UK,2012,We love your skin.
Wella Shockwaves,UK,2004,Style made for connection.
Wella Shockwaves,UK,2009,Style. Attract. Play
Kiehl’s,US,2008,Dermatologist solutions.
Kiehl’s,US,2008,Since 1851.
Alterna,US,2012,"Natural luxury, down to a science."
Alterna,US,2013,Pure. Proven. Professional.
Badedas,UK,1983,Give someone the most exciting Christmas since bathing began.
Badedas,UK,1994,Things happen after a Badedas bath.
Alvin Connor,UK,2012,"Nurture your skin, naturally."
Alvin Connor,UK,2012,Natural balance.
Always,UK,2009,Have a happy period.
Always,UK,2016,Rewrite the rules.
Insette,UK,2001,Make your mark.
Insette,UK,2001,Face the elements.
Insette,UK,1988,Style the best of you.
Insette,UK,1989,New styling. New feeling. New wave.
Vichy,US,2009,Health is beautiful.
Vichy,US,2013,The dream of ideal skin comes true.
Vidal Sassoon,US,1994,Professional care for your hair.
Vidal Sassoon,US,2013,Perfected by experts.
Vidal Sassoon,US,2004,The spirit of nature.
Vidal Sassoon,US,2010,Finest natural cosmetics.
Vitapointe,UK,1984,There’s only one way to style dry hair.
Vitapointe,UK,1988,Everyday care for dry hair.
Lilt,US,1982,"A full-strength perm, without the full-strength odor."
Lilt,US,1983,A professional touch for more beautiful hair.
Lilt,US,1995,Light your body.
Lilt,US,2009,Beauty made by nature.
Arrid,US,1973,Gives you more.
Arrid,US,2012,Maximum protection great value price!
Aapri,UK,1989,A refreshing way to wipe away the day.
Aapri,UK,2004,"Beauty, uncomplicated."
Johnson & Johnson Dental Floss,US,1981,It can be a lifeline for your teeth.
Johnson & Johnson Dental Floss,US,1983,Your strongest line of defence against gum disease.
ID Lubricants,US,2004,ID sensual lubricants Experience the difference.
ID Lubricants,US,2013,"Since 1993, we’ve been helping couples out of tight situations!"
Arrid Total,US,2003,All-in-one better Arrid.
Arrid Total,US,2003,We call it Total ’cause nothing’s missing.
I Coloniali,US,1996,The ritual of self-being.
I Coloniali,US,2014,Discover the dream route.
Bio Sculpture Gel,UK,2008,The healthier alternative in nailcare.
Bio Sculpture Gel,UK,2013,Leading nail care.
Bio Sculpture Gel,UK,2007,The cutting edge of hair!
Bio Sculpture Gel,UK,2007,We rock your style.
Vaseline,US,2008,Keeping skin amazing.
Vaseline,US,2012,Now better than ever.
Vaseline,US,2012,"Think smart, think Indola."
Vaseline,US,2012,Exclusively professional.
Vaseline,US,2011,The art of healthy hair.
Vaseline,US,2013,Turn heads.
L’Oréal Perfect Slim,UK,2004,Judged best.
L’Oréal Perfect Slim,UK,2004,Get firm on cellulite.
L’Oréal Perfect Slim,UK,2010,Live beautifully.
L’Oréal Perfect Slim,UK,2012,Live your beauty.
Astor,UK,2001,Extra sensory colour.
Astor,UK,2002,Simply irresistible.
Beyond Paradise,UK,2003,An intoxication of the senses.
Beyond Paradise,UK,2004,An adventure of the senses.
Super-Max 3,UK,2002,The world’s first triple-blade disposable razor.
Super-Max 3,UK,2004,"So good, you won’t want to throw it away."
Arabian Oud,UK,2010,The natural perfume.
Arabian Oud,UK,2010,The scent of luxury.
Summer’s Eve,US,1976,The disposable douche that’s changing women’s ideas about feminine freshness.
Summer’s Eve,US,2004,Enjoy a woman.
VO5 Nourishing Oasis,US,2004,An Oasis for your hair.
VO5 Nourishing Oasis,US,2004,My secret for killer hair.
Johnson’s Baby Wipes,UK,2001,Kissometer tested.
Johnson’s Baby Wipes,UK,2008,Recommended.
Graham Beauty,US,2010,"Innovation, performance, convenience…"
Graham Beauty,US,2010,That’s the beauty of Graham.
Johnson’s Baby Lotion,US,1977,Help save your softness lots of ways with Johnson’s baby lotion.
Johnson’s Baby Lotion,US,1980,It’s a perfect lotion for grown up skin.
Longs Drugs,US,2008,Your neighborhood. Your Longs.
Longs Drugs,US,2016,Get better.
Johnson’s Baby Oil,US,1974,With Johnson’s baby oil think of all the cosmetics you can do without.
Johnson’s Baby Oil,US,1982,For beautiful skin that has nothing to hide.
Johnson’s Baby Oil,US,2010,The new essence of joy.
Johnson’s Baby Oil,US,2015,The essence of joy.
L’Oréal Feria Color Booster,UK,2004,Exclusively for blondes.
L’Oréal Feria Color Booster,UK,2004,Exclusively for brunettes.
Biotherm,UK,1989,Performance skin care.
Biotherm,UK,2004,Skin loving colours – A love story between skin and color.
Immac,UK,1988,A touch smoother.
Immac,UK,2001,Feels smoother for longer.
StriVectin,US,2009,Remember: If you have skin … you need StriVectin.
StriVectin,US,2013,Anti-aging science and skincare.
L’Oréal Colorvive Performance,US,1994,Color this healthy shows.
L’Oréal Colorvive Performance,US,1995,"Keep your color truer, longer."
Imperial Leather Foamburst,UK,2000,Use it. Feel it. Believe it.
Imperial Leather Foamburst,UK,2002,Handwash with a lovely surprise.
Imperial Leather Foamburst,UK,2010,Creative hotel cosmetics.
Imperial Leather Foamburst,UK,2013,Taking care all the way.
Imperial Leather Foamburst,UK,2013,The ultimate beauty source.
Imperial Leather Foamburst,UK,2013,Let it pop!
Ultrasun,UK,2007,Professional protection.
Ultrasun,UK,2013,Let the sun shine!
VO5 Extreme Style,US,2007,Break the mold.
VO5 Extreme Style,US,2008,Bring out your sexy in just one application.
Joop! Go,UK,2007,It’s always time to play.
Joop! Go,UK,2007,The unexpected new fragrance for men.
Listerine Cool Mint,US,2004,As easy as rinsing. As effective as flossing.
Listerine Cool Mint,US,2016,Bring out the bold.
Vaseline Intensive Care,UK,2001,Take Vaseline Intensive Care of yourself.
Vaseline Intensive Care,UK,2006,Helps replace the moisture your day takes away.
Atrixo,UK,1983,What soft hands wear to work.
Atrixo,UK,2000,Hand care for hands-on people.
Astroglide,US,2009,Let nature take its course.
Astroglide,US,2013,Real pleasure lasts longer.
Jessica,US,2007,Fit for a queen.
Jessica,US,2008,Manicurist to the stars.
Treson,US,1993,The fragrance for treasured moments.
Treson,US,2004,The lighter side of love.
Sure Crystal for Men,UK,2004,Don’t let white marks ruin your image.
Sure Crystal for Men,UK,2004,Unbeatable at reducing white marks.
Beverley Hills Formula,UK,2003,Best whitening with lowest abrasion.
Beverley Hills Formula,UK,2009,Highest quality – Best value.
Attends,US,2004,Keeping skin dry for people you care for.
Attends,US,2011,The smart choice in incontinence care.
Vaseline Intensive Care Lotion,US,1984,Healing strength for healthier summer skin.
Vaseline Intensive Care Lotion,US,2005,Trusted by moisture obsessives everywhere.
Joop! Jump,UK,2005,The unconventional new fragrance for men.
Joop! Jump,UK,2006,Leap out of your suit.
Joop! Jump,UK,1998,For woman only.
Joop! Jump,UK,2004,The beauty of difference.
Beverly Hills Formula,UK,2008,For a superstar smile.
Beverly Hills Formula,UK,2013,Whiter teeth in 1 minute.
Sure Deo Wipes,UK,2001,"Don’t go home, go out."
Sure Deo Wipes,UK,2001,What are you doing tonight?
Sure Deo Wipes,UK,2008,Vision of the elite.
Sure Deo Wipes,UK,2012,With EzFlow you can…
Intensifique,UK,2001,Lash by lash intensifying mascara.
Intensifique,UK,1998,Follow your Impulse.
Intelligent Nutrients,UK,2013,Certified organic health and beauty.
Enjoy Argan Oil,UK,2013,"Look good, feel great. Naturally."
Epic Dental,US,2012,Cavity-free guaranteed.
Equilibrium,UK,2002,Intelligence in beauty.
FCUK,UK,2004,It’s all in the grooming.
FCUK,UK,1995,The art of personality.
Estee Lauder Beautiful,US,2005,This is your moment to be beautiful.
Impress Manicure,US,2016,Every mood. Every moment.
Impress Manicure,US,2004,Just a moment can change everything.
Impress Manicure,US,2012,Natural beauty and care – for the whole family.
Intercoiffure Mondial,UK,2007,The world of best hairdressers.
Estee Lauder PureColor,UK,2000,"Intense colour, ultra shine, long wear."
Intersposa,UK,2001,Blue love.
Estée Lauder Modern Muse,UK,2015,Be daring. Be an inspiration.
Estée Lauder Knowing,UK,1989,Knowing is all.
Estée Lauder Knowing,UK,2013,Pure skin care.
Estée Lauder Pleasures,US,2013,Enjoy life’s simple pleasures.
FDS,US,1977,Keeps you soap and water fresh longer than plain soap and water.
Enhance,US,1980,New Enhance instant hair conditioner moisturizes overworked hair.
Indola,CH,2012,Exclusively professional.
Enjoli Midnight,US,1984,The mysteriously romantic fragrance For the other 8 hours in your life.
Estée Lauder Beautiful Love,US,2007,Celebrate Love.
Estée Lauder Beautiful Love,US,2013,Charm of creativity.
Interplak,UK,1991,Home plaque removal instrument.
FCUK,US,2003,Scent to bed.
Estée Lauder Sensuous,US,2009,Every woman wears it her way.
Estée Lauder Sensuous,US,2003,Defining beauty.
International Hair Studio,UK,2006,One step a head.
International Hair Studio,UK,2013,Over 125 years of know-how and premium product quality.
International Hair Studio,UK,2003,The fragrance for a man.
Estee Lauder Sensuous,UK,2008,Every woman wears it her way.
Estee Lauder Sensuous,UK,2013,A commitment to quality.
Estee Lauder Sensuous,UK,2011,Feels just like paradise.
Eyesential,UK,2007,The beauty secret of the stars.
Impulse Sparkling Body Shimmer,UK,2003,Illuminate the room.
Impulse Sparkling Body Shimmer,UK,2019,Your sweat expert.
Eve.com,US,2000,The beauty of the internet.
Eve.com,US,2013,Live your life in colour.
Eve.com,US,2012,Care & protection for your skin.
Impulse Moongrass,UK,2002,Harness the power of the moon.
Impulse Oxygen,UK,2000,Natural all-over freshness.
Impulse Oxygen,UK,2013,We manufacture success.
European Collagen Complex by Revlon,US,1982,The exceptional 10-day beauty cream created and tested in Europe.
Impulse True Love,UK,2008,Romance is back.
Impulse True Love,UK,2012,Experts in natural skin care.
Incognito,US,1994,The fragrance of intrigue.
In Eternum,UK,2003,Skin to die for.
Infusiam 23,US,2007,Beauty down to a science.
Inika,UK,2013,Truly natural. Truly you.
Inika,UK,1998,Zen is calm in the chaos.
Euphoria,UK,2008,Live the dream.
Euphoria,UK,2010,All you need!
Euphoria,UK,2008,World in your pocket.
Euphoria,UK,2006,Live life.
Euphoria,UK,2012,The hair professionals.
Eucerin,UK,2001,The medical skincare programme.
Eucerin,UK,2011,Create your world of happiness.
Eucerin,UK,2004,The nature of man.
Essential Care,UK,2012,The purist in skincare.
Exuviance,US,2015,The science of skin transformation.
Erox,US,2012,Proven to increase arousal in men & women.
Indola,UK,2005,"Freedom of choice, flexibility & value."
Induchem,CH,2011,Innovative – collaborative – reliable.
Induchem,CH,2006,Live the dream.
Escada Sentiment,US,2002,"Two fragrances, one emotion."
Escada Sentiment,US,1999,Icø your senses.
Inecto,UK,2012,Enhances the natural you.
Inecto,UK,2002,Be alive!
Especially Escada,UK,2012,Create your world of happiness.
Especially Escada,UK,2007,"Talk, play, share…"
Inoar Professional,US,2013,Straight. Soft. Shine.
Innoxa,UK,1984,Pure and beautiful.
Inner Rinse,US,1976,There are three good reasons to switch.
Inner Rinse,US,2016,USA’s nail salon expert. Since 1981.
Exude,US,2011,Do you exude?
Grafton,UK,2010,Beautifully refined.
Elseve Frequence,UK,1984,Nature mild.
Elseve Frequence,UK,2012,Man’s best wingman for over 40 years.
EOS,US,2011,Evolution of smooth.
John Freida Readytowear,UK,1999,It’s about style from start to finish.
Easy Day,US,1972,"When you choose a feminine hygiene spray, pick flowers."
John Freida Sheer Blonde,UK,2004,Let your lightest brightest blonde shine through.
Earthly Body,US,2012,Nature is our manufacturer.
Earth Born Baby Shampoo,US,1976,With a gentle non-tear lather.
John Freida Sheer Blonde,US,2004,Brighten your blonde with style.
John Freida Sheer Blonde,US,2011,Expect perfect.
Intuition,US,2002,Trust your Intuition.
Intuition,US,2015,Evolution of smooth.
Intuition,US,2013,Love life. Live clean.
John Frieda,UK,2005,From the professionals at John Frieda.
EMU,UK,2008,Naturally Australian.
EMU,UK,2005,Be brilliant. Be brunette.
E45 Facial,UK,2006,The ultimate dry skin solution.
Eau d’ Eden,UK,1996,A perfume from paradise.
Eau d’ Eden,UK,2011,The rainbow company.
Eb5,US,2012,The wrinkle relief formula.
Joey New York LipFIT Lip Gloss,US,2007,Beautiful lips – Skinny hips.
Joey New York LipFIT Lip Gloss,US,2012,One of the world’s leading hair colour specialists.
Jil Sanders Style Essence,UK,2008,A new intensity style fragrance.
Jil Sanders Style Essence,UK,2003,The energy is yours.
Jil Sanders Style Essence,UK,1990,Feeling man.
Jhirmack,US,1984,Trade secret for beautiful hair.
Jhirmack,US,2011,Cosmetics & more.
Jhirmack,US,2004,Listen to your heart.
Echo Woman Davidoff,UK,2004,Listen to your heart.
Jergens Ultra Healing Moisturizer,US,2009,Helps heal through 5 layers of skin’s surfaces.
EcoTools,US,2009,Earth-friendly beauty.
Jergens Skin Firming,US,2004,Skin is in.
Jergens Natural Glow,US,2009,No sun. No streaks. No worries.
Edge,US,2006,Great shave. Healthy skin.
E45,UK,2009,The No.1 selling brand for dry skin.
John Frieda Brilliant Brunette,US,2004,For brunette hair at its absolute best.
John Frieda Brilliant Brunette,US,2007,The beauty of invention.
Dream Colour,UK,2002,Give yourself the gift of colour.
Dr. Earles,US,2004,Get to the root of the problem.
Dr. Eberhardt,AT,2011,Beauty – balance – harmony – life.
Dr. Fresh,US,2012,Quality – innovation – affordable.
Johnson & Johnson Vespre,UK,1985,For every day of your period.
Dr. G’s,US,2012,Professional beauty.
Dr. G’s,US,2011,Enter the secret of Dr. Hauschka skin care.
Johnson & Johnson Swabs,US,1985,Trust them to stay together.
Johnson & Johnson Sundown Sunscreen,US,1980,"Protection that lasts, in and out of the water."
Johnson & Johnson Sundown Sunscreen,US,2013,Enjoy your life.
Johnson & Johnson Sundown Sunscreen,US,2012,Grown competence.
Johnson & Johnson Reach,UK,1983,Designed to clean teeth better.
Johnson & Johnson Reach,UK,2010,Intelligence behind beauty.
Johnson & Johnson Reach,UK,2014,The power of medical beauty.
Dragoco,UK,2000,Innovative solutions for better products.
Dream Tan,US,2010,Discover the art of tanning.
John Frieda Frizz Ease Hair Serum,US,2004,Freedom from frizz.
John Frieda Frizz Ease Hair Serum,US,2012,Basic for your life.
Johnson & Johnson PH5.5 2 in 1,UK,2004,Skin loves Johnson’s because Johnson’s loves skin.
Johnson & Johnson Baby Wipes,UK,2004,Mildness from top to bottom.
Johnson & Johnson Baby Wipes,UK,2010,For a more lovely skin.
Johnson & Johnson Baby Lotion,US,1981,It’s a perfect lotion for grownup skin.
Johnson & Johnson Baby Lotion,US,2005,Be tropical!
Johnson & Johnson,US,1980,It keeps your body baby soft.
Dry Idea,US,1993,Working to keep up with women.
Dune Body Collection,US,1994,Total serenity for body and soul.
Dunhill Pursuit,UK,2008,The new scent of adventure.
John Frieda Upbeat,UK,2000,For hair that’s ready to rock.
John Frieda Frizz-Ease,UK,2000,Unfurl your curl.
Dunhill X-Centric,UK,2001,Don’t try to understand it.
Duo Tan,UK,1988,New face and body formula.
Edge ActiveCare,US,2006,Keep her hands to yourself – Great shave. Healthy skin.
Edge Infused,US,2009,Get your edge.
Edge Pro Gel,US,2000,Lose the foam. Save your skin.
Edge Pro Gel,US,2010,That’s life!
Jafra,AT,2011,The power to transform lives.
Jafra,AT,2011,The power to transform lives.
Ellipse Klinikken,UK,2006,Scandinavian for beauty.
Jadore,UK,2006,The absolute femininity.
Ellisons,UK,2011,The UK’s No.1 hair and beauty products supplier.
Jack Black,US,2010,Authentic and original.
FDS Pure & Natural,US,1976,Says everything you want to know.
Elysium,US,1994,Heaven on earth.
JV Cosmetics,CH,2012,I feel fresh.
JD’s Aesthetics,UK,2013,You body deserves more.
EmbodyForYou.com,UK,2005,For every body.
JASON,UK,2005,"Pure, natural & organic."
J.F.Lazartigue,US,2012,The most beautiful hair in the world.
Emerita,US,2013,Improving the health and lives of women.
Emerita,US,2011,Cosmetics in motion.
Emerita,US,2011,Creator of qualified haircosmetics.
Emerita,US,2012,Technology that gets personal.
Emerita,US,2004,The absolute feminity.
Izod,US,2009,The next wave in men’s fragrance.
It’s a 10,US,2012,A perfect 10 every time.
Empathy,UK,1989,And there’s no age limit to looking good.
Empathy,UK,2012,Inspired by you.
Empathy,UK,2015,Smile together.
Isabella Rossellini’s Manifesto,UK,2001,A celebration of what you are.
Emporio Armani,UK,2006,Get together with two new fragrances.
Emporio Armani Diamonds,UK,2007,Can you resist?
Endocil,UK,1985,A beautiful face starts with beautiful skin.
Energance,UK,1991,Softens the hair without relaxing the perm.
Is Clinical,US,2013,Your skin. Our science. Pure chemistry.
Is Clinical,UK,2013,Your skin. Our science. Pure chemistry.
Ella Bache,US,2008,Skin good enough to eat.
Ella Bache,US,2010,Get into your skin.
Jelly Rollers,US,2004,So start Jelly Rolling.
Elementis Specialities,UK,2003,Pure in cosmetics.
Elementis Specialities,UK,2013,Solutions for intelligent foot care.
Elementis Specialities,UK,2013,Finest french perfumes.
Elementis Specialities,UK,2012,Beauty business partner world wide.
Efamol,UK,1998,Better science for beautiful skin.
Jean Nate,US,1988,It’s like a smile for your skin.
Je Reviens,UK,1983,The classic fragrance.
Efamolia,UK,1987,For the natural life of your skin.
Efamolia,UK,2012,Create dreams.
Efamolia,UK,2010,Make your declaration of ego.
Jason Natural Cosmetics,US,2003,"Pure, natural and organic."
Jason,US,2012,Natural pioneer since 1959.
Egyptian Magic,US,2012,Professional skin cream with a magical touch.
Elegant Touch,UK,2006,Brilliant fakes by Elegant Touch.
Jason,UK,2012,Natural pioneer since 1959.
Elemis,UK,2008,Defined by nature led by science.
Elemis,UK,2014,Your story. Your journey.
Elemis,US,2012,Defined by nature led by science.
Eliah Sahil,AT,2012,Best of science. Best of nature.
Elio Fiorucci,UK,2003,Love therapy.
Elio Fiorucci,UK,2016,Get into your skin.
Elizabeth Anne’s,UK,1996,With love and care.
Jane Iredale,US,2016,Beauty with brilliance.
Jane Iredale,UK,2007,The skin care makeup.
Elizabeth Arden 5th Avenue,UK,1999,It takes you there.
Elizabeth Arden Ceramide,US,2002,Defining skin brighter.
Jamieson,UK,2009,Vitamin expertise.
Elizabeth Arden Green Tea Collection,UK,2000,My spirit awakens to a splash of tea.
James Bond 007 Colour Collection,UK,2002,Inspired by Bond. Created by Revlon.
James Bond 007 Colour Collection,UK,2010,The inspiration in your hands.
Elizabeth Arden Red Door,US,2008,Make an entrance.
Imedeen,UK,2009,Beautiful skin begins within.
Imedeen,UK,2012,Precision. Competence. Private label.
Illamasqua,UK,2008,Make-up for your alter ego.
Garnier Summer Body,UK,2006,Your summer starts here.
Geka,UK,2002,It’s a Geka!
Hakle Moists,UK,1988,Feel really clean!
Hall Star,UK,2001,Not just better. Brilliantly better.
Halle,US,2009,Reveal the woman within.
Gattefosse,UK,2003,The visible secret.
Garnier Synergie Lift,UK,2002,Put the spring back into your skin.
Garnier Strong Hair,US,2016,Stronger hair. Stronger you.
Gerard’s Cosmetics,UK,2002,From Italy with love.
Garnier Skin Naturals UltraLift,UK,2006,Natural technology.
Garnier Skin Naturals,UK,2003,"A nightmare for wrinkles, a dream for skin."
Garnier Roll-On,US,2014,Hide yesterday.
Garnier Nutrisse Cream,UK,2008,The world’s favourite hair colourant.
Halsa,US,1985,Uncover your highlights. Discover your glow.
Hampton Sun,US,2010,Smart serious sunbathing.
Hampton Sun,US,2011,Love your long hair.
Hampton Sun,US,2012,Your hairstyle.
Head & Shoulders Sensitive,UK,2004,Dandruff has a sensitive solution.
Ghost Myst,US,1995,"You can’t see it, but you know it’s there."
Ghost Myst,US,2013,Younger everyday.
Hairaisers,UK,2012,Professionals 1st choice for extensions and wigs.
Hairaisers,UK,2011,The best a man can get.
Hairapy,US,2007,We’re here to help.
Hairdreams,US,2013,The art of hairextension.
Gianna Rose Atelier,US,2011,Couture soaps & gifts.
Ghost Man,UK,2004,The fragrance experience for men.
Ghost Man,UK,2012,The new force for your hair.
Ghost Luminous,UK,2009,Glow from within.
Ghost Deep Night,UK,2005,The fragrance of love.
Gerovital,UK,2013,Broad spectrum anti-aging.
Gerovital,UK,2012,Our strength – your beauty.
Germaine De Capuccini,UK,2001,Beauty in its place.
Gerda Spillmann,CH,2010,Pure Swiss cosmetics since 1944.
Hao Pi,CH,2012,Innovative products for your well-being.
Garnier Natea,UK,2001,The condition and colour you’ve always wanted.
Garnier Lumia,UK,2001,Discover the light.
Garnier Lumia,UK,1989,Tennis is my game. This perfume is my love.
Garnier Lumia,UK,2004,Professional styling.
Head & Shoulders 2 in 1,UK,2003,You won’t believe it’s dandruff shampoo.
Head & Shoulders Citrus Fresh,UK,2006,A breath of fresh air for your hair.
Head & Shoulders Colour Care,UK,2008,Loves every colour except white.
Head & Shoulders Colour Care,UK,2018,Anything can happen.
Gala Loewe,UK,1992,It entices. Seduces. It will never go unoticed. It is Gala. By Loewe.
Head & Shoulders Hair Endurance,UK,2009,Don’t break up With your hair.
Happiness,US,1972,No peroxide. No problems.
Happiness,US,2014,Passion for beauty.
GUM,US,2007,Healthy gums. Healthy life.
Head & Shoulders Menthol,UK,2003,The coolest way to get rid of dandruff.
GNC Wellbeing,US,2010,A complete line. Only for women.
GKhair,UK,2013,It’s all about beautiful hair.
GHD Styler,UK,2007,The new GHD styler. Thou shalt never be the same girl twice.
GHD Styler,UK,2001,New style. New fun.
GHD Styler,UK,2018,Just watch me.
He-Shi,UK,2012,Quick + easy tanning.
He-Shi,UK,2012,The smooth skin feeling of Hawaii.
Hawaiian Tropic Glitter Gel,UK,2000,We’ll add the protection you have the fun!
Garnier 100% Color,UK,2004,100% intense. 100% pure color that never switches off.
Garnier 100% Color,UK,2014,BB – be beautiful!
Garnier Belle Color,UK,2003,Natural ingredients. Natural colour.
Garnier Belle-Color,UK,2002,Colour so natural you just can’t go wrong.
Harmony Hairspray,UK,2005,Good hair days start with Harmony.
Harmony Hairspray,UK,2017,Superfruits. Super hair.
Garnier Fructis,UK,2001,Freshest fragrance ever.
Garnier Fructis Color Resist,US,2003,Discover the world with Garnier.
Garnier Fructis Style,UK,2001,Get hold.
Harmony,UK,2000,When your head says what’s in your heart – you’re in harmony.
Happiness Foam-in-hair Color,US,1976,Find new highlights in your hair.
Garnier Fructis Style,US,2006,Unleash your style!
HairMax,US,2013,The science of hair growth.
HairClub,US,2004,Making you look good is what we do best.
Gillette Clear Gel Deodorant,US,2013,Built for training. Built to perform.
Gillette Clear Gel Deodorant,US,2003,"Fresh, sexy, clean."
Gold Bond Ultimate Restoring Lotion,US,2009,This stuff really works.
Grow Comb Yes,US,2013,Regenerating healthy natural hair.
Go Smile,US,2013,The smile beauty company.
Go Smile,US,2011,Swiss formula.
Gucci Baboo,US,2016,Underneath in all she wears.
Glymiel,UK,1988,A touch more caring.
Gloria,UK,2002,The glorious experience.
H20,US,2002,Water is you.
H20,US,2015,Underneath it all the wears.
H20,US,2009,Beauty with a higher purpose.
Gliss,UK,1995,Because we’re all different.
Guinot,UK,2003,Sophisticated skincare. Dependable results.
Guinot,UK,2006,Healthy gums. Healthy life.
Gleem II,US,1976,It fights cavities where your kids miss brushing.
Gleem II,US,2010,"Part of nature, part of you."
Grecian Color Control,US,2004,The quiet hair color.
Great-Lash,US,1982,The mascara that conditions as it thickens.
Gold Spot,UK,1981,It takes your breath away.
Gold Spot,UK,2011,A brilliant reflection of your own beauty.
Great Lengths,US,2012,100% natural human hair extensions.
Golden Supreme,US,2012,The choice of professionals.
Great Lengths,UK,2012,Leading the world in hair extensions.
Goldwell,AT,2011,"Closer to stylists, closer to hair."
Goldwell,AT,2010,The science of hair extensions.
Goldwell,UK,2006,Closer to stylists. Closer to hair.
Goody,US,1981,We make beautiful hair easier.
GranSilk MP,UK,2000,Perfecting powder performance.
Graham Specialty,US,2010,Custom solutions straight from the source.
Gosh,US,2010,Make your impression…
Gosh,US,2007,Who do you want 2b today?
Gosh,US,2013,Sonnengeküsster Look.
Gosh,US,2012,Beauty brands online.
Givenchy Pour Homme,UK,2003,A perfect gift for the gentleman in your life.
Givenchy Pour Homme,UK,2011,Young style.
Gillette Fusion,UK,2007,Breakthrough technology on the front and back.
Gillette M3 Power,UK,2004,The power to change the way you shave forever.
Hair Country,US,2013,It’s better in the country.
Gillette Just Whistle,US,1980,For a slick-as-whistle shave.
Gillette Fusion Proglide,US,2014,Shaving rebuilt.
Hair Gloss,US,1986,Shiny topping for hair from Sebastian.
Hair Gloss,US,2014,Go get it.
Hair Gloss,US,2008,"No Fusion, no kiss."
Givenchy Amarige Mariage,UK,2007,Forever and a day.
Givenchy Amarige Mariage,UK,2011,All about hair.
Hair Off,US,2012,Fast & easy hair removers.
Gillette For Women,US,1998,Are you ready?
Gillette Contour,UK,1979,"The closer you get, the better it feels."
Gillette Clinical Strength Anti-Perspirant,US,2008,"Change your life, not your shirt."
Hair Rules,US,2012,Your choice. Your hair. Your rules.
Hair Rules,US,2010,The hair company.
Gillette Mach 3,UK,2002,One shave and you’ll never go back.
Gillette Mach 3,UK,2005,Meet your style.
Gillette Mach3 Cool Blue,UK,2001,Great shave. Cool new look.
Gillette Satin Care,US,1995,Nothing else feels like Satin.
Gillette Satin Care,US,2019,My skin. My way.
Gillette Venus,UK,2009,Reveal the goddess in you.
Gillette Venus,UK,2013,Experts for hairdressing tools.
Giorgio Armani,UK,2000,Designs for the face.
Giorgio Armani Mania,UK,2003,The essence of style.
Giorgio Armani Mania,UK,2012,Expand your ego.
Giovanni Cosmetics,US,2013,Eco chic hair care.
Girls with Attitude,UK,2013,Attitude is everything.
HCUK,UK,2008,"Use your head, use HCUK!"
Give Lube,UK,2012,The brand that shows you care.
HBNails,AT,2011,For your beauty.
H2O Plus,US,2012,The science of marine skincare.
GHD Eclipse,UK,2013,"Good hair day, every day."
GHD Eclipse,UK,2013,"Good hair day, every day."
Ilana Jivago,US,2013,Unforgettable golden fragrances.
Fing’rs,CH,2012,Make up your nails.
First Quality,US,2010,Quality. First.
First Choice by Elio Fiorucci,UK,2003,Love is the message.
Hugo Boss Skin,UK,2006,You can feel it. Others can see it.
Hugo Boss Skin,UK,2004,Your fragrance. Your rules.
First,UK,1999,Every woman deserves to be first.
Hugo Boss Woman,UK,2000,Expect everything.
Hugo Deep Red,UK,2001,Your fragrance your rules.
Fixodent,US,2008,Life lusts for it’s fullest.
Fixodent,US,2003,Make up your nails.
Hugo XX/Hugo XY,US,2007,Harmony is overrated.
Hugo XY,UK,2008,Harmony is overrated.
Hydra Sensitive,UK,2009,Skin feels soothed. Protected. Sorted.
Finanz St. Honore,UK,2002,Love’s baby soft.
Final Net,US,1980,Final Net holds up longer than you do.
Final Net,US,2013,Red means go.
Final Net,US,2013,It’s your turn.
Final Net,US,2004,Get free.
Final Net,US,2011,It’s just a fragrance. The rest is up to you.
Forever Krystle,US,1984,The love that lives forever.
Footeeze,UK,2002,The complete treat for feet.
FoodScience of Vermont,US,2013,Pure and simple.
Folicuré,US,2012,For fuller thicker hair.
Fluorodine,UK,2009,Feel the freshness
Hour After Hour,US,1973,We’re tough enough to take it.
Florisens,UK,2012,At the very origins of living well.
Florisens,UK,2013,It’s your turn.
Hugo Boss,UK,2003,Boss in motion.
Hugo Boss,UK,2001,Your fragrance. Your rules.
Hugo Boss,UK,2012,Pure luxury fragrances.
Hugo Boss,UK,2010,Finest plant ingredients – by CO2-extraction.
Hugo Boss,UK,2019,The online beauty destination.
Hugo Boss Deep Red,UK,2003,For women only.
Hydra Tech,UK,2002,Hydration expertise.
Figs & Rouge,UK,2012,100% organic lipcare.
Hydrabase,UK,2002,The timeless lipstick from Chanel.
Faith Hill,US,2010,You at your most beautiful.
Faith Hill,US,2012,Your slot car superstore and more!
INM,US,2007,The symbol for nail professionals.
Fantasy – Britney Spears,UK,2007,Everybody has one.
Fantasy – Britney Spears,UK,2012,Be natural.
Fanci-Full,US,2006,Enrich your hair color.
Faith in Nature,UK,2012,"Created by those who care, for those who care."
IQ Natural,US,2013,Smart sexy you.
Fendi Palazzo,UK,2008,The spirit of Fendi in a new eau de toilette.
Fade Out,UK,2001,Whatever your skin problem Fade Out can put a stop to it.
Fade Out,UK,2011,The leading private label manufacturer of colours cosmetics.
Icone,UK,1990,For all types of dryness.
Fabao,CH,2012,The best for your hair!
Fabao,CH,2004,Style is nothing without Identité.
Fa Sport,US,2012,The deo revolution.
Fa Sport,US,2014,Feel beautiful.
I Coloniali,UK,2003,The ritual of self-being.
Fashion Fair,US,2011,Loving you for over 38 years.
Hüllerbrand,AT,2011,Responsible for hair.
Hypnose Senses,UK,2009,Unveil your sensuality.
Fasteeth,US,1972,It takes the worry out of wearing dentures.
Fat Foam,US,2011,We’ll make a Fat Foam Girl out of you.
Fat Foam,US,2012,Every day of your life.
Feh,AT,2013,Oh! It’s a feh!
Hypnose,US,2007,The hypnotizing fragrance.
Hypnose,UK,2008,The hypnotizing power.
Hydroxatone,US,2005,Rejuvenating beauty through science.
Got2be,heute Got2b,2006,Attitude for hair.
Hydrience,UK,1998,Absolute colour. Absolute gentleness.
Fekkai,US,2010,Wear Fekkai hair.
Feminesse,UK,1992,Eliminates vaginal odour – Because long-lasting feminine freshness comes from within.
Feminesse,UK,2003,True. Natural. Elegant.
Hot Couture Collection No1,UK,2001,The new fashion of fragrance.
Hot Couture Collection No1,UK,2015,The dream factory.
Forplay Condoms,US,2013,What’s cookin’ good lookin’.
Helmut Lang,UK,2001,I smell you on my skin.
Fuente,AT,2012,Glamorous by nature.
Helene Curtis Thermasilk,US,2003,Makes hair soft and silky.
Helene Curtis Thermasilk,US,2012,Glamorous by nature.
Helene Curtis Thermasilk,US,2007,Use with caution.
Helene Curtis Thermasilk,US,2012,Nature & beauty.
HelloFlo,US,2014,Simple. Period.
Henara,UK,1987,The natural way to shine.
Frontcover,UK,2013,Where make-up meets fashion.
Fructis Style Wetshine Gel,UK,2002,The wet look that never dries.
Fructis Style Spritz Gel,UK,2002,Shake up your style.
Fructis Style Hard Glue,UK,2004,Hair that stays hard even if you don’t.
Herbacin,US,2012,Using mother nature’s treasures.
Herbacin,US,2012,New natural essentics.
Frownies,US,2012,Reverse the signs of aging naturally!
Fuente,CH,2012,Glamorous by nature.
Fuente,UK,2012,Glamorous by nature.
Fuente,US,2012,Glamorous by nature.
Fuente,US,2009,All you’ve ever Wanted.
Helena Rubenstein,US,1975,The science of beauty.
Funk Bubble,UK,2005,Where skincare is funky not gunky!
Funk Bubble,UK,2012,Innovative Nagelkosmetik.
Funny,CH,2010,It’s Funny!
Funny,CH,2010,Catch the fever.
Fushi,UK,2012,"Founded in London, inspired by the world."
Heart Calgon,US,2013,Bold at heart.
Fusion Beauty,US,2005,Tomorrow’s technology for beauty today.
HeadBlade,US,2012,The leader in headcare.
HeadBlade,US,2012,Ultimate headcare.
GAIA Mutagim,UK,2003,Live love laugh.
GAIA Mutagim,UK,2009,GEKA is the woman’s choice.
Head & Shoulders Ultimate Clean,US,2003,100% flake free all day.
Frost & Tip,US,1976,It’s more than a look. It’s a feeling.
Frizz-Ease Hair Serum,UK,2002,The No.1 selling product for frizzy hair.
Frizz-Ease Hair Serum,UK,2012,The wellness and care company.
Fragrant White Palmolive,UK,1986,Just as pure. Just as natural. But not as green.
Freedom Super Maxi,US,1982,The super maxi women like best.
Freedom Stowaway,UK,1985,The discreet towel you helped design yourselves.
Freedom Stowaway,UK,2012,We care for your skin.
Freedom,US,1983,It’s true freedom.
Frank Bisson,UK,2005,Beyond the cutting edge.
Hibiscrub,UK,2007,One less thing to worry about.
Hidden Fantasy Britney Spears,UK,2009,What do you have to hide?
Frizz-Ease,UK,2007,The beauty of invention.
Fragrances of Ireland,UK,2013,Be lucky.
Himalaya Herbals,US,2013,Researching nature. Enriching life. Since 1930.
FragranceX,US,2012,"Real fragrances, unreal prices."
Fragrance.org,US,2006,Feel the fragrance.
Fragrance.org,US,2013,Naturally beautiful.
Forte-Vital Firming Eye Creme,US,1988,A beautiful eye opener.
Forte-Vital Firming Eye Creme,US,2012,Be beautiful.
Freeze 24-7,US,2013,Instant gratification.
Freeze 24-7,US,2013,For the love of your skin.
French Vanilla,US,1994,"Sinfully rich, non-fattening too."
French Vanilla,US,2012,Haircare for your haircut.
French Vanilla,US,2010,Preferred by professionals.
Herbal Essences Rainforest Flowers,UK,2005,Unbottle your wildest fantasies.
Herbal Essences Hair Colour,UK,2000,Experience the Intensity.
Herbal Essences Fearless,UK,2005,All drama no trauma.
Herbal Essences Colour,UK,2007,Go wild on your colour. Go easy on your hair.
Herbal Essences,US,2009,Someone’s been doing the herbal.
Herbal Essences,US,1998,Your favourite haircare.
Fresh & Go,UK,2003,Brush & paste together with a twist.
Fresh,US,1960,There’s nothing fresher than Fresh.
Fresh,US,2012,What’s in your deodorant?
Fresh,US,2010,My beauty lounge.
Fresh,US,2011,Explore your senses.
Dr. Dennis Gross Skincare,US,2013,Results you can see. Skin you will love. From a dermatologist you trust.
pH Ion Balance,US,2013,The secret of health and beauty lies in the balance.
pH Ion Balance,US,2011,Professional care concept.
Barielle,US,2012,Your source for beauty from tips to toes.
Bed Head,UK,2002,"Super hair, super texture, super shine."
Bed Head,UK,1997,Forever young.
Beauty Without Cruelty,UK,2012,Simply a better way.
Beauty Without Cruelty,UK,2012,100% natural skin care.
Beauty Rehab,UK,2013,Nothing is more true about our generation than its addiction to beauty.
Beautelle,UK,2002,They don’t just look good!
Beautelle,UK,2010,Equipment for professionals.
Batista,US,2013,Try it dry.
Bare Escentuals,US,2007,Makeup so pure you can sleep in it.
Beiersdorf,AT,2010,Passion for skin & beauty care.
Bare Elegance,US,1983,It cleans and moisturizes your bare body.
Bare Elegance,US,2012,The beauty tools company.
Banta,UK,2002,Sunscreen minus the grease.
Banana Boat Action Sport,UK,2005,"Fun, sun protection."
Ban Deodorant,US,1977,"Now, that’s effective!"
Ban Deodorant,US,2012,More than extensions.
Ban Deodorant,US,2002,Separates the men from the boys.
Balance Me,UK,2012,Beauty that works naturally.
Beever,UK,2013,We only care about hair.
Beiersdorf,CH,2010,Passion for skin & beauty care.
Bain de Terre,US,2012,Nature’s best. Inside every bottle.
Benzac Acne Solutions,US,2015,Brings clear skin back.
Betty Dain,US,2013,Apparel and accessories for the modern beauty professional.
Betty Beauty,US,2006,Colour for the hair down there.
Betty Beauty,US,2004,My way. My style.
Betty Beauty,US,2012,Pure fragrance. Pure style.
Betty Beauty,US,2009,You know you are beautiful.
Betty Beauty,US,2012,Hair and more…
Betty Beauty,US,2012,Brilliant by nature.
Bergasol,UK,1988,As brown as you can go.
Belong,US,2005,Belong to the moment.
Beiersdorf,UK,2010,Passion for skin & beauty care.
Belli,US,2012,"Embrace life, enhance beauty."
Belli,US,2010,Belle d’Opium … I am your addiction.
Belle Color,UK,1985,Takes the grey away.
Bella Bellissima,UK,2010,Beauty in being…
Bell,US,2011,Your competitive advantage.
Bell,US,2011,Your competitive advantage!
Bell,US,2011,Cared for and healthy!
Beiersdorf,US,2010,Passion for skin & beauty care.
Beiersdorf,US,2011,Wellness for women.
Bain de Soleil Orange Gelee,US,2001,Deep. Dark. Classic.
Beyonce Heat,US,2009,Catch the fever.
Axe Anarchy,US,2012,Unleash the chaos.
Axe Recovery Shower Gel,US,2006,Wash away your hangover.
Axe Recovery Shower Gel,US,2014,Make love. Not war.
Axe Instinct,US,2009,Fragrance with the power of leather.
Axe Instinct,US,2012,Get the look that gets the girls.
Axe Face+Shave,US,2013,Get your face ready for action.
Axe Face,UK,2013,Face care for heroes.
Axe Dry,US,2006,Keep your cool.
Axe Dry,US,2002,Whenever it’s getting hot!
Avoplex,US,2007,The essence of rich avocado.
Axe Snake Peel,US,2006,Clean body – Clean conscience.
Avon Solutions,US,2006,Healthy solutions for daily skincare.
Avon My Lip Miracle,UK,2004,Let’s talk about the lipstick that has it all.
Avon Mark,US,2003,The makeup you can buy & sell.
Avon Emprise,US,1976,"Rich, elegant absolutely gorgeous. Emprise perfume and cologne."
Avon Anew Clinical Line,US,2003,The treatment that works like no collagen injections.
Avon Anew Clinical 2 Step Facial Peel,US,2004,"Another first, from Avon."
Avlon,US,2013,The science of hair care.
Aveeno Positively Radiant,US,2004,Discover how radiant your skin can be.
Aveeno Positively Radiant,US,2002,Soft skin sexy touch.
Axe Unlimited,US,2005,For experts only.
Axe Unlimited,US,1994,The instinct of life.
BIC Soleil,US,2008,Feel the Soleil.
Babyliss Thermaglass,UK,2004,Because you care about your hair.
Babyliss Simply Smooth Wax,UK,2008,Waxing made simple.
Babyliss Professional,UK,2000,The cutting edge from Babyliss Professional.
Babylis,UK,2007,You curl.
Baby Wet Ones,US,1980,You can’t baby your baby more.
Baby Oragel,US,2003,The one for kids under four.
Baby Oragel,US,2017,Ask for more.
BWC,UK,1984,Self expression – naturally.
BIC Soleil,UK,2005,Bring some Soleil into your life.
BIC Soleil,UK,2011,A beautiful pearl in the ocean of cosmetic brands.
BIC Soleil,UK,2013,The art of colour.
BIC Soleil,UK,2013,Strong emotions are born of great visions – BBI makes the best of brands.
BASF,UK,2001,We don’t make cosmetics. We make the cosmetics better.
BABTAC,UK,2003,The only badge that counts.
BABTAC,UK,2000,Be yourself – be you!
B. Braun,AT,2010,Sharing expertise.
B. Braun,AT,2011,"Big enough to do the job, small enough to care."
Ayurveda’s,US,2013,Let nature heal you.
Beverley Hills Formula Natural White,UK,2007,"Less abrasion, yet better stain removal."
Beyoncé Heat Rush,US,2011,Feel the rush.
Brylcream,UK,2000,Use your head.
Bosley,US,2013,The world’s most experienced hair restoration expert.
Boticario,US,2010,The joy of living.
Boticario,US,2000,Expect everything.
Boticario,US,1990,The fragrance for winners.
Boss Skincare,UK,2008,You can feel it. Others can see it.
Boss Skincare,UK,2013,This will be your night.
Boss Ma Vie,UK,2015,Strong. Feminine. Independent.
Boss Jour pour Femme,UK,2014,This will be your day.
Boss Jour pour Femme,UK,1991,Break the ice.
Boss Jour pour Femme,UK,2012,Science: undiluted.
Bourjois Brush Foundation,UK,2008,Create your complexion masterpiece!
Bourjois Brush Foundation,UK,2012,The beauty of certainty.
Bourjois Brush Foundation,UK,2013,Beauty your way.
Bonnebell,US,2005,Be whatever you decide. It’s beautiful.
Bonne Bell,UK,2002,We are girls.
Bonne Bel,US,2006,Beautiful. Colorful. You.
Bond No.9,US,2015,The magical address in New York.
Bond No. 9 I love NY,US,2013,"Easy to wear, easy to love fragrances."
Bond Lifestyle,US,2010,The real thing.
Bourjois,UK,2001,Technology of the future for the girl of today.
Bourjois Rouge Hyperfix,UK,2005,Extreme hold ultra comfort.
Bomb Cosmetics,UK,2013,Handmade and natural.
Bomb Cosmetics,UK,2011,Any mood. Any style.
Bomb Cosmetics,UK,2003,Time to play.
Broxo,CH,2012,The original since 1956.
Browns,UK,2007,The north’s favourite hairdressers.
Brilliant Brunette,UK,2004,Reveal your most gorgeous shine.
Brett Freedman,US,2013,Enjoy pretty.
Breck Styling Mousse,US,1985,For long-lasting style.
BreathRx,UK,2008,America’s No.1 fresh breath system.
Breath Asure,UK,2000,No.1 selling breath capsule.
Braun Oral-B Battery Brush,US,2002,"Better bristles, beautiful teeth."
Braun Activator,UK,2003,We challenge you to find a better dry shaver.
Braun Activator,UK,1987,Good morning future.
Braun E Razor,UK,2003,Your face – Your style.
Braun Cruzer3,UK,2004,Shave – Style – Trim.
Braun Cruzer,US,2012,Versatility at its max.
Braun Cruzer,US,2013,Shave your style.
Braun Cordless Straightener,UK,2003,Goes everywhere so your hair doesn’t.
Braun Cordless Hair Styler,UK,2003,"Curls, flicks, waves and travels."
Braun Activator,US,2005,World’s best self-cleaning shaver. Guaranteed.
Bond Lifestyle,UK,2010,The real thing.
Bond Lifestyle,UK,2000,Let your soul breathe.
Bibby,UK,1951,It’s a better life with Bibby soaps to help.
Bio-Oil,UK,2003,Breakthrough formulation. Breakthrough results.
Biosilk,US,2003,Silk therapy.
Biosil,US,2012,Making personal care beautiful.
Biosil,US,2009,Skin control.
Biore Blemish Bomb,UK,2000,Clean. Honest.
Biore,UK,2002,Brilliant.
Bional,UK,2009,Naturally effective.
Biokosma,CH,2010,Swiss natural cosmetics.
Bio-Oil,US,2013,America’s #1 selling multiuse skincare oil.
Binaca,US,2012,A Binaca blast that lasts.
Biotherm Homme,UK,2009,No1 worldwide in men’s skincare.
Bikini Zone,US,2013,The bikini area experts.
Bijan Nude,US,2007,The feeling of sensual.
Bijan,US,2005,Be tempted. Be wicked.
Bigen,US,2013,Gentle formula – salon quality color.
Bic Razor,US,1983,The shave that saves.
Bic Comfort 3,US,2004,The right price for a triple blade.
Bic Comfort 3,UK,2003,3-blade performance at a Bic price.
Bic,US,2008,More for your money.
Bic,US,2018,The power of life plankton.
Bic,US,2011,Embraced by nature.
Bic,US,1986,The natural touch.
Bobbi,US,1998,Life captured.
Bodyguards,UK,2010,Committed to quality.
Bodyform Ultra Fit,UK,2004,Feel secure wear Bodyform.
Bodyenrich,UK,2006,Be who you want to be.
BodyCosmetic,AT,2011,Your online beautyshop.
Body Wise,US,2012,For every body – every day.
Bodhi,UK,2012,Enlighten your skincare ritual.
Bobbi Brown,US,2010,Pretty powerful.
Bobbi Brown,UK,2010,Pretty powerful.
Bobbi Brown,UK,2012,Be beautiful.
Black Kenneth Cole,UK,2005,It’s better in the dark.
Black Kenneth Cole,UK,2012,Spirit of paradise.
Blossom,US,2010,A partnership that grows.
Blossom,US,1995,Kissed by the specialist.
Bliss,US,2012,Achieve a higher state of happy.
Blinc UK,UK,2012,Don’t paint your lashes… tube them.
Bleu de Chanel,US,2011,Be unexpected.
Bleu de Chanel,US,2012,Be unexpected.
Black Label,UK,2004,The new gentlemen’s fragrance.
Black Label,UK,2008,Discover nature’s secret.
Aveeda Men,UK,2007,Pure – Performance.
Aveeda,US,1999,Awake. Aware. Aveeda.
Alldays Black,UK,2001,New knickers in no time.
Almay Hydracolor Lipstick,US,2007,So your lips feel as beautiful as they look.
Almay Colours,UK,1987,Because every skin has its sensitive moments.
Almay Clear Complexion,US,2004,Beautiful for life.
Almay Bright Eyes,US,2003,Very uplifting.
Almay Bright Eyes,US,2002,Difficult to define. Impossible to resist.
Allnatura Cosmetics,US,2012,The best cosmetics without synthetics.
Alldays Ultra Light,UK,2003,An extra touch of femininity.
Alldays Flexible,UK,2002,Most comfortable Alldays ever.
All Days,UK,2007,All days at your best.
Almay One Coat Nourishing Mascara,US,2006,Lashes maximized – Your most dramatic look ever.
All Clear,UK,1986,You can’t beat it.
All Clear,UK,2012,The natural solution.
All Clear,UK,2009,100% certified mineral make-up.
All Clear,UK,2011,Feel extraordinary.
Algenist,US,2014,Biotechnology from San Francisco.
Alfaparf Milano,US,2012,Color excellence. Hair perfection.
Alexandra de Markoff,US,1994,Because life is too short.
Alexandra de Markoff,US,2004,Beauty in your hands.
Almay Nearly Naked,US,2003,It’s naked. Only nicer.
Aloe Dent,UK,2010,The natural evolution in oral care.
Aloe Dent,UK,2009,The original.
Always Flexi Wings,US,2003,Protecting all women always.
Always with Silk,UK,2008,Feels like silk. Protects like Always.
Always Utra & Freshelle,UK,2006,Always feel fresh.
Always Ultra Cotton-Like,US,2004,"If you like cotton, you’ll love Always."
Always Thin Ultra,US,2004,Stand up protection. Always.
Always Maximum Protection,US,2003,More coverage. More confidence.
Always Maxi LeakGuard Plus,US,2011,Protects like magic.
Always Jumbo Pack,UK,2005,Always good value.
Always Infinity,US,2011,Try the pad that’s made like no other.
Always Envive,UK,2009,Let your confidence stand out.
Aloe Pura,UK,2010,Pure care from the purest aloe.
Always Dailies,UK,2013,Feel nothing but freshness.
Always Cotton-Like,UK,2004,Only your confidence shows.
Always Alfred Sung,US,2010,Must be love.
Always Alfred Sung,US,2004,My nature.
Alpha Keri Bath Oil,US,1977,Works with water to smooth dry skin.
Alpecin,UK,2011,German engineering for hair.
Aloette,US,2004,Bring out your inner beauty.
AloeDent,UK,2008,The natural alternative for a healthier smile.
Ales Groupe,UK,2011,When nature is one with beauty.
Ales Groupe,UK,2006,Your natural balance.
Aveda,UK,2009,The art and science of pure flowers and plant essences.
Abahna,UK,2013,The ceremony of bathing.
Abahna,UK,2003,Equipment for fit skin.
Adidas Active,US,2003,Athletes get it.
Adidas Active,UK,2004,Developed with athletes.
Adidas Active,UK,2013,The essence of Italian style.
Acclaim,UK,2008,Expect great results every time.
Acclaim,UK,2010,Pure pleasure from Italy.
Abreva,US,2013,"If you’ve got a cold sore, Abreva has you covered."
Abil Care 85,UK,2000,A skin smoothing sensation.
Aapri,US,1983,Get to the heart of beautiful skin.
Adidas Performance,UK,2003,Active sweat control.
AIM,US,1982,Give your children the gift of healthy teeth. Take aim against cavities.
AIM,US,2010,Use. Love. Repeat.
AF,UK,2003,Keep it clean Keep it working!
A.S. Watson,UK,2013,We bring more to life.
A Visible Difference,US,2013,"Not just a salon, but an experience."
A Visible Difference,US,1997,The modern american classic.
A Visible Difference,US,2013,Simple natural beauty.
2Dox,US,2001,Anything but simple.
Adidas Adrenaline,US,2005,Unleash it.
Adidas Team Shower Gel,UK,2000,Fresh energy.
Albright & Wilson,UK,1964,Wherever the world needs flavours.
Albright & Wilson,UK,2009,The cool side of passion.
Alberto VO5 Extreme Range,UK,2007,Break the mold.
Alberto VO5,UK,2002,Whoever you are. Shine.
Alberto Balsam,UK,2009,Back to Balsam.
Alberto Balsam,UK,2011,Global wipes on demand.
Alberto Balsam,UK,2010,Best in fragrance.
Alberto Balsam,UK,2011,"Nails, beauty & more."
Alberto Balsam,UK,2000,The classic of the future.
Alberto Balsam,UK,2006,It’s never too feminine.
Alberto Balsam,UK,2011,Active deadsea minerals.
Alberto Balsam,UK,1997,Make the feeling last.
Agree,US,1981,Escape the greasies with Agree.
Age Rewind Foundation,UK,2007,Look five years younger in a moment.
African Pride,US,2006,Proud to be the original.
African Pride,US,2007,The world ist beautiful.
Aedes de Venustas,US,2010,Indulge your senses…
Advanced VO5,UK,2000,Advanced VO5 has the solution.
Advanced Microderm,US,2013,Skin care systems for life.
Adrien Arpel,US,2010,Premium quality. Direct pricing. Naturally based skin care.
Amarige,US,1994,"A celebration of laughter, love and intense happiness."
Ambre Solaire For Kids,UK,2001,From factor 25 to 60 no one makes the sun safer.
Ambre Solaire Kids Protection Spray,UK,2001,Our first water-resistant kids spray.
Armani Acqua di Gioia,US,2013,The essence of joy.
Artas,US,2012,Hair restoration redefined.
Artas,US,2011,Get on the scent of Ars Parfum!
Arrid XX,UK,2000,It’s clear it works.
Arrid Extra Dry,US,1981,Get a little closer with Arrid Extra Dry.
Arrid Extra Dry,US,2004,Live with a smile!
Arrid Extra Dry,US,2014,Unforgettable code.
Armani Code,UK,2009,The secret code of women.
Armani Code,UK,2006,The secret code of women.
Arm & Hammer Total Dental Care,UK,2004,A gentle way to white.
Arm & Hammer Total Dental Care,UK,2015,The next generation of sun care.
Arm & Hammer Extra Whitening,UK,2003,It must be the baking soda.
Arm & Hammer Enamel Care,US,2004,There is nothing else like it.
Arm & Hammer Enamel Care,UK,2008,Fix the cause of sensitivity.
Arm & Hammer,US,2008,Rebuild. Strengthen. Protect.
Arm & Hammer,UK,2007,Stronger – Smoother – Whiter.
Argan Oil by Simply Argan,UK,2013,Turn back time.
Arden Beauty,US,2003,The power of a woman.
Arden Beauty,US,2013,Simply unforgettable eyes.
Arden Beauty,US,2013,Energie in Balance.
Artiscent,UK,2008,The art of healing scent.
Amerchol,UK,2001,The elegance engineers.
Audiclean,UK,2004,Make your ears Audiclean.
Aveda,CH,2012,The art and science of pure flower and plant essences.
Aveda,AT,2012,The art and science of pure flower and plant essences.
Avalon Organics,UK,2005,Consciousness in cosmetics.
Avacor,US,2003,It’s about confidence and the desire to win.
Australian Gold,US,2013,For the tan of your life…and the life of your tan!
Australian Bodycare,UK,2007,Crafted by nature.
Aussie Sprunch Spray,US,1996,We never skimp on ingredients. The Aussie family.
Aura Cacia,US,2013,Pure essential oils.
Au Courant Whipped Bronze Mousse,UK,2004,"If you can’t tone it, tan it."
Au Courant Whipped Bronze Mousse,UK,2008,True science. True beauty.
Attitude Giorgio Armani,UK,2008,Be remembered.
Attitude Giorgio Armani,UK,2012,You can rely on Attends.
Atrix,US,2008,You can handle your day.
Astroglide Personal Lubricant,US,2013,Be open to fun. Be open to explore. Be open.
Astor,US,2012,Live beautifully.
Assure,US,1985,Air flows through for a drier you.
Aspen,US,1997,Live the life.
Ashleigh & Burwood,UK,2012,Design driven home fragrance since 1993.
Ashleigh & Burwood,UK,2010,We care for your hair.
Aramis Life,UK,2003,Life. It’s a great game.
Aramis Life,UK,2004,Life. It’s a great game.
Andalou Naturals,US,2015,Fruit stem cell science.
Andalou Naturals,US,2011,In harmony with nature.
Ange ou Demon,UK,2006,She alone knows.
Ange ou Demon,UK,2013,The right choice!
Andrex Moist Toilet Tissue,UK,1992,The new way to feel really fresh.
Andrex Aloe Vera,UK,2005,Keeps skin happy!
Andrew Collinge,UK,2004,A real feeling for hair.
Andrew Barton,UK,2009,Shiny happy hair.
Andis,UK,2005,Powered for professionals.
Anasazi,US,1993,The new wisdom.
Aquis,UK,2000,Science working with nature for total oral health care.
Ananné,CH,2014,Super natural skin care.
Ananné,CH,2010,All that matters.
Anais Anais,UK,1994,A world of tenderness in a perfume.
Amouage,UK,2010,The gift of kings.
Amie,UK,2009,Purely for young skin.
American Crew,US,2006,Official supplier to men.
American Crew,UK,2003,The cool name in men’s grooming.
American Crew,UK,2007,Official supplier to men.
Anna Sui Dolly Girl,UK,2004,Ooh la love.
Anthony,US,2012,Logistics for men.
Anyday Panty Liners,US,1980,More comfort. More days of the month.
Aphogee,US,2012,Serious care & protection.
Aquify,US,2013,The lens care system that fits your life.
Aquify,US,2012,Work wonders.
Aquage,US,2013,Innovative salon haircare with healing sea botanicals.
Aquafresh Zones,UK,2004,Experience a new zone.
Aquafresh White Trays,US,2007,Whitening that fits you.
Aquafresh White & Shine,UK,2016,"Don’t just whiten, shine."
Aquafresh Tooth & Tongue Brush,UK,2006,Take the ten day tingly tongue test.
Aquafresh Powerclean,UK,2000,Teeth taken care of.
Aquafresh Power Clean,UK,2002,The power behind a white smile.
Aquafresh Multi Action Whitening,UK,2001,Whitening and protection taken care of.
Aquafresh Max Active,UK,2001,Three toothbrushes in one for whole mouth protection.
Aquafresh Floss N Cap,US,2003,A friendly reminder to floss.
Aquafresh Club,UK,2013,Better taste. Happier brushing.
Aquafresh,UK,2003,Aquafresh yourself.
Aqua-Fresh,US,1981,You can’t buy better protection.
Aqua Velva Ice Sport,US,2004,It feels better with an Aqua Velva man.
Aqua Velva,US,2013,Men get it.
Bruno Banani,UK,2016,Fresh. Sporty. Elegant.
Buf-Puf,US,1983,Buff up younger-looking skin.
Dr Lewinn’s Private Formula,UK,2007,Changing the face of skincare.
Johnson’s,UK,1993,Nobody babies you better than Johnson’s.
Cutex Twister,US,2004,Do you twist?
Cutex Essential Care,US,2003,A better way to take it off.
Cutex,UK,1991,The language of colour.
Curve,US,1999,See where it takes you.
Crème of Nature,US,2009,The nature of beauty.
Crystal Clear,UK,2002,Ultimate beauty is skin deep.
Crest Whitening Plus Scope,US,2003,White teeth. Fresh breath. In any language.
Crest SpinBrush Pro,US,2003,A professional spin on clean.
Crest Multiclean,US,1998,Fits between to get teeth clean.
Cuticura Soap,US,1977,Specialist in skin care.
Crest Advanced Formula,US,1981,Because any cavity you get is too many cavities.
Creme of Nature,UK,2013,The nature of beauty.
Credo Solingen,UK,2010,"Credo delivers quality, from experience."
CreativeSpa,UK,2005,Your hands. Your feet. Our passion.
Creative Spa,US,2007,Your hands. Your feet. Our passion.
Creative Nail Design,US,2008,Hands. Feet. Beauty.
Crazylegs,US,1972,Not just for a great shave. For great skin.
Crazy Babes,UK,2004,Imagination for your hair.
Cuticura,US,2012,Healing since 1865.
Cuticura,US,2003,Get in contact.
Cowboy Comb,US,2012,Cowboy wild. Cowboy styled.
Daily Renewal 5X,US,2003,Out with the old. In with the Daily Renewal.
Daydreams,US,1982,"The fragrance of sunlit moments, laughter shared, and memories that linger."
Davidoff Cool Water,UK,2009,The power of cool.
Davidoff Cool Water,UK,2007,The power of cool.
Davidoff Cool Water,UK,2010,The new men’s fragrance.
Davidoff Cool Water,UK,1985,Cosmetics for men.
Dark & Lovely Relaxer,UK,2002,Time to get Lovely.
Dark & Lovely Relaxer,UK,2010,The art of skin and body care.
Daisy L,US,1975,A very spirited fragrance.
Daisy L,US,2015,Be a voice not an echo.
Cyclax Moistura,UK,1990,The skin care experts.
DKNY Be Delicious,UK,2007,Delicious on the go.
DHC Skincare,US,2004,A pure vision of beauty.
DHC,US,2006,Beautiful skin begins with the benefits of olive oil.
DHC,UK,2008,Made in Japan.
DGJ Daniel Galvin Junior,UK,2011,Organic haircare and styling products.
DGJ Daniel Galvin Junior,UK,2012,D:fine your style.
DGJ Daniel Galvin Junior,UK,2012,"Skincare, that’s worth its weight in gold."
DGJ Daniel Galvin Junior,UK,1993,Pure magic.
DGJ Daniel Galvin Junior,UK,2008,The essence of island living.
Covet,US,2007,Thou shall not covet…
Daylong,CH,2016,Play with the sun.
Conair,US,2008,Spectacular hair begins with Conair.
Coppertone Endless Summer,US,2003,Put your best face forward.
Coppertone,UK,2002,Love the sun? You can with Coppertone.
Cooltan,UK,1969,Fast to last.
Cooltan,UK,2012,The shower in the pocket.
Contour,UK,1984,A bit better all round.
Contour,UK,2012,High cosmetics from nature.
Consort Hair Spray for Men,US,2003,Great hold. Never stiff. Never sticky.
Concentrated Aloe Corporation,UK,2001,Aloe and all things natural.
Complete,US,1980,You can feel how well it cleans.
Coppertone Protect & Tan,US,1995,For the tan you want with the protection you need.
Comfort Zone,UK,2005,A complete sense of beauty.
Colour Me Beautiful,UK,2010,The image consultants.
Colore Science,US,2008,Real minerals. Real simple. Real results.
Color Club,US,2007,Professional nail color in full bloom.
Colony,UK,2009,The home of fine fragrance.
Collection 2000,UK,2000,Just great make up.
Collection,UK,2012,Work the colour.
Collage,US,1981,When you’re well cared for it shows.
Coppertone Kids Spray,US,2004,Get smart about the sun.
Coppertone Spectra 3,US,2003,The next generation sunscreen.
CoverGirl Lipsticks,US,1977,Lipsticks that soften lips as they color.
CoverGirl Lipsticks,US,2009,Trends & beauty @ best price.
CoverGirl Invisible Concealer,US,1984,"A new coverup cream so natural, it’s invisible."
Cover Girl NailSlicks,US,1982,"Color that looks wet, even when it’s dry."
Cover Girl Nail Slicks,US,1980,Color that strengthens.
Cover Girl Mascara,US,1986,Lasting performance.
Cover Girl Make Up Mates,US,1983,They’re fun. They’re professional. And they’re red hot!
Coup de Theatre!,UK,2001,The revolutionary stretching program for eyelashes.
Coty Sunshimmer,UK,1987,For every skin under the sun.
Cotton Buds,US,2012,"Big brands, little packages."
Cosmovogue,CH,2011,The trend company.
Corioliss,UK,2013,Leading beauty technology.
Corioliss,UK,2012,The spirit of Ayurveda.
Cosmetochem,UK,2003,A natural touch in cosmetology.
Cosmetochem,UK,2008,So beautiful!
Cosmedicine,US,2012,Truth is beauty.
Cosmaro,AT,2012,Best of natural basics.
Cosmaro,AT,2013,Balsam your life.
Corn Silk,US,1984,It absorbs more oils so you shine less and look more beautiful.
Corioliss,US,2013,Leading beauty technology.
Corioliss,US,2012,The day is long.
Dazey,US,1980,You’ve got style. You’ve got Dazey!
Dazey,US,1995,The essence of a great jeweller.
Double Velvet,UK,2003,Love your bum.
Dove Cream,US,2004,"You will too, with Dove."
Dove Clinical Protection Visibly Smooth,UK,2009,Feel stubble-free for longer.
Dove Clinical Protection,US,2016,Protect your moments.
Dove Body Wash,UK,2004,Squeeze a little spa into your shower instead with Dove Body Wash.
Dove Body Lotion,UK,2005,All skin is beautiful when it’s beautifully nourished.
Dove Bath Care Moisture Balance,UK,2003,Pure self indulgence from Dove Bath.
Dove Bath,UK,2005,Do not disturb.
Dove Aroma Massage,UK,2004,Squeeze a massage into your shower.
Dove Aroma Massage,UK,1960,For beauty the modern way.
Dove Cream Oil Bar,UK,2006,Beautiful skin at any age.
DonnaKaran Cashmere Mist,UK,2007,A fragrance to seduce the senses.
Donna Karan Gold,UK,2007,The light of a woman.
Donna Karan Gold,UK,2008,Mirror of my soul.
Dollar Shave Club,US,2016,Shave time. Shave money.
Dobi,CH,2012,We Dobi you.
Dixie,US,2008,The strength you need. The softness you love.
Dixie,US,2002,Inspired by diversity.
Dixie,US,2011,Selective distribution of niche brands.
Dove Cream Oil,UK,2003,For silky skin.
Dove Cream Oil Body Wash,US,2007,The ultimate moisture from Dove.
Diorskin,US,2002,Makeup that fits like a second skin.
Dove Sensitive,UK,2003,Effective protection for sensitive skin.
Dove Sensitive,UK,2012,It really works.
Dr Andrew Weil for Origins,UK,2007,Live and be Weil.
Dr Andrew Weil for Origins,UK,2012,Masterpieces in steel.
Dove Summer Glow Body Lotion,UK,2007,Good for the skin. Great for you.
Dove Summer Glow,UK,2008,Good for your skin. Great for your look.
Dove Styling,US,2005,Unstick your style.
Dove Silk Dry,UK,2005,Wear silk every day.
Dove Silk Bath,UK,2003,"Dads, give generously this Mother’s Day."
Dove Pro-Age,UK,2008,Beauty has no age limit.
Dove Deodorant,US,2014,"Sincerely, Dove."
Dove Men+Care,US,2015,Care makes a man stronger.
Dove Men+Care,UK,2015,Care makes a man stronger.
Dove Intensive Lotion,UK,2009,The ultimate moisture for extra dry skin.
Dove Face Sensitive Essentials,US,2004,No foaming cleanser is milder.
Dove Essential Nutrients,US,2004,Hello beautiful skin.
Dove Essential – Intense Care,UK,2005,Give your hair just the right level of care.
Dove Deodorant Sensitive,UK,2003,Sensitive not sensitising.
Dove Deodorant Fresh Blue,UK,2000,All-day protection in a fresh new fragrance.
Dippity-Do,US,2003,Do it Dippity style.
Diorshow,UK,2009,The catwalk mascara.
Diorshow,UK,2013,When beauty meets health.
Denman,UK,2012,The hairdresser’s hairbrush.
Depth,US,2012,Live beneath the surface.
Depilex,UK,2004,Unveil the real you at Depilex.
Dentu-Creme,UK,1980,More powerful than plaque.
Dentinox Cradle Cap,UK,2008,Gentle and effective – From birth onwards.
Dentek Flossbrite,US,2003,Your fingers will thank you.
Dentek Flossbrite,US,2009,Quality made in Germany.
Dennis Bernard,US,2013,Powerful solutions at the stylists finger tips.
Denman,US,2012,The hairdresser’s hairbrush.
Denivit,UK,1992,"Strong on stains, kind to teeth."
Denivit,UK,2012,"Camouflage for face, body and soul."
Denim,US,1980,A whole new feeling in Cologne and After Shave.
Denclen,UK,1979,The cleaner many dentists recommend.
Demeter Fragrance,US,2010,"Simple, subtle, singular scents. Each day. Everywhere."
Demak Up,UK,2004,Let your skin breathe again.
Deep Magic,US,1972,"Deep Magic moisturizers keep skin looking a little softer, a little younger, a little longer."
Deep Magic,US,2006,Beauty for sensitive skin.
Deep Magic,US,2012,Experience your identity.
Deb,UK,1987,A really simple idea to make life easier.
DermMatch,US,2013,Hair loss has met its match!
Dermae,US,2009,Formulated for results!
Diorlift,UK,2000,"The secret of a well-rested, glowing complexion."
Diorlift,UK,2013,Be iconic.
Dior SkinFlash,UK,2004,A stroke of brilliance for a model-perfect complexion.
Dior SkinFlash,UK,2016,I am not a girl. I am poison.
Dior Phenomen-A-Jour,UK,2000,Your skin is ageing every second counts.
Dior Midnight Poison,UK,2007,A new Cinderella is born.
Dior Midnight Poison,UK,2014,Dior The future is gold.
Dior Dune,US,1996,"The moment, the memory, the dream."
Dior Dolce Vita,UK,1996,The spirit of happiness.
Dior Blackout,UK,2007,Catwalk inspired.
Dior Addcit,US,2015,"Shine, don’t be shy."
Desert Essence,US,2013,Beauty blooms in the desert.
Dimension,UK,1988,Forget convention use Dimension. A shampoo so good you don’t need a conditioner.
Dimension,UK,2015,Live bravely.
Dimension,UK,2013,The new feminine fragrance.
Diesel Fuel For Life,UK,2008,Use with caution.
Diesel,US,1996,Use at own risk.
Dial Very Dry,US,1976,Anti-perspirant helps keep you very dry.
Di Palomo,UK,2012,Made in England inspired by Italy.
Dettol Easy Mop,UK,2003,It’s a breakthrough. Fact.
Dettol Easy Mop,UK,2013,The daily basic care for your skin.
Colgate with MFP,US,1973,The breath-freshening cavity fighter.
Colgate Whitening,US,2004,Removes stains 30% better!
Carita,UK,2007,The ultimate spa experience.
Catalyst,US,1994,The new fragrance chemistry for men.
Cassini,US,1994,A love affair that never ends.
Carolyn New York,US,2007,It’s what’s inside that counts.
Carolina Herrera,US,1994,The fragrance that dresses a dream.
Carole Franck,UK,2003,The synergy of science and nature.
Carole Franck,UK,2010,Beauty by nature.
Carmex,UK,2009,Join the cult.
Carmex,UK,2012,Sensual luxury.
Caring Angel,UK,2003,Scent with love.
Caudalie,CH,2012,Beauty grows here.
Caress Skinwear,US,2009,One collection. Three looks.
Caress Shimmering,US,2003,A new shimmer on you.
Caress Sensational Smoothing,US,2005,Skin to be seen in.
Carefree Perfect Fit,UK,2003,"Feel the freshness, not the liner."
Carefree Panty Shields,US,1977,"So light, it’s just right – So often."
Carefree Panty Liners,US,1980,For the fresh-dressed woman!
Carefree Dry Ideal,US,2005,Stay fresh underneath it all.
Carefree Comfort Panty Liners,UK,1996,For that fresh on panty feeling.
Carefree Comfort Panty Liners,UK,2012,Beauty grows here.
Caudalie,UK,2012,Beauty grows here.
Caudalie,UK,2013,Original quality – since 1995.
Caudalie,UK,2003,Take it!
Chanel Precision Age Delay,UK,2000,Time to delay time!
Chanel Precision,US,2002,Precisely targeted for your skin.
Chanel No5,US,2000,"The new way to spray anywhere, everywhere."
Chanel No5,UK,2008,As if it were the first time.
Chanel Cristalle Gloss,UK,2005,Provocative shine – Natural looking. Sensual lips.
Chanel Chance,US,2007,A fresh new chance.
Chanel 5,UK,2000,"New spray, ready to wear everywhere."
Chanel,US,1995,Reveal the skin you were meant to have.
Chanel,US,2012,Every age. Every stage. Every day.
Cedar Angler Broom,US,1983,The quality makes your life easier.
Cerruti Image,UK,2000,Now women have a new fragrance.
Cerruti Image,UK,2000,Create your dream.
Cellini,US,1981,An exciting fragrance experience created in Italy by Faberge. For lovers of life everywhere.
Cellcosmet & Cellmen,CH,2010,The science of staying young.
Cellcosmet & Cellmen,CH,2004,A new floral harmony.
Cellcosmet & Cellmen,CH,2003,Live to love.
Celebrate,US,1996,"First, wear it for yourself."
Cedar Wood,UK,1981,Leaves the rest in the shade.
Capri,US,1974,More of a good thing.
Capri,US,2012,Your nail care partner.
Colgate Total Professional Weekly Clean,UK,2007,Use once a week. Deeper cleansing effect. Smoother teeth.
Burts Bees Lip Balm,UK,2016,100% natural.
Bye Bye Blemish,US,2013,Hello clear skin.
Bvlgari Aqva,UK,2006,The fragrance for men.
Bvlgari,US,1996,The essence of a great jeweller.
Bvlgari,UK,2006,The essence of a jeweller.
Bvlgari,UK,2010,Entertainment bottled.
Buxom,US,2013,Live life vividly.
Butterlicious,UK,2008,Delicious but not edible!
Butter London,UK,2013,Nail Polish is created in a lab. Nail lacquer is created on the runway.
Burts Bees,US,2016,Proof is in our nature.
Burts Bees,US,2011,German hair concept.
Burt’s Bees Hand Salve,UK,2003,A farmer’s friend.
Burt’s Bees Hand Salve,UK,1993,For today. For tomorrow.
Burt’s Bees Hand Salve,UK,2012,The new fragrance for women.
Bulldog,UK,2013,Natural skincare.
BullFrog,US,2012,Engineered to stay… in and out of the water.
BullFrog,US,2006,The essence of a jeweller.
BullFrog,US,2017,The roman night.
BullFrog,US,1995,Tea for two.
BullFrog,US,2012,Luxury natural spa.
CG Professional,US,1996,Dramatically magnified lashes that still look like yours. Guaranteed!
Camay,US,1993,Uncover a new you. And be softer too.
Camay,US,2011,It touches everything.
Camay,UK,1995,When romance is of the essence.
Calypso,UK,2002,Practice safe sun.
Calvin Klein Obsession,US,1985,Between love and madness lies Obsession.
Calvin Klein Obsession,US,2015,Forever starts now.
Calvin Klein Eternity,US,2010,What begins here never ends.
Calvin Klein Eternity,UK,2002,"Love, sweet love."
Calvin Klein Eternity,UK,2010,What begins here never ends.
Calvin Klein CK One,US,2009,We are one.
Calvin Klein CK One,US,2010,The tanning authority.
CK Be,US,1997,The fragrance for people.
Calgon Bouquet Bath,US,1975,"The flower bath. Relax, it’s your own private party."
Calgon Bath Soaks,US,1977,Pour yourself a Calgon bath. Don’t stir. Just relax.
Calgon,US,1976,Calgon baths for body and soul.
Caflon,US,2012,The safer way to pierce ears.
Caflon,UK,2012,The safer way to pierce ears.
Caflon,UK,2002,The glorious experience.
Caflon,UK,2012,Individuality. Beauty. Competence.
CLR,UK,2004,For fine cosmetics. Since 1926.
Chanel Vitalumiere,US,2002,Radiant. Vibrant. Young. SPF 15.
Chanel.com,US,2005,Explore Chanel.com.
Channoine,AT,2011,The excellence of balanced beauty.
Cleure,US,2013,Clean – pure.
Clinique Simply,UK,2003,Live every day simply.
Clinique Simply,UK,2004,Live every day simply.
Clinique Repairwear,UK,2004,Face the day looking more vibrant and full of life.
Clinique LashPower Mascara,UK,2008,Til warm water do us part.
Clinique Happy,UK,2004,Wear it and be happy.
Clinique Happy,UK,2003,The energy shower.
Clientele,US,1994,"For healthy, beautiful skin."
Clever White,UK,2004,For a radiant smile.
Cleo,UK,2001,The celebrities choice.
Clive Christian,UK,2001,The world’s most expensive perfume.
Clenzology,US,2004,The science of advanced hygiene.
Clearasil Ultra,US,2004,Clearer skin right before your eyes.
Clearasil Ultra,UK,2006,Visibly clearer skin in 3 days.
Clearasil Total Control,US,2003,Control. It’s a beautiful thing.
Clearasil Total Control,UK,2004,"Hates your spots, loves your skin."
Clearasil PerfectaWash,UK,2012,The perfect dose of strength and kindness.
Clearasil,US,1994,Soft on skin. Tough on zits.
Clear Scalp & Hair Therapy,US,2013,Feed scalp.
Clinisan,UK,2001,Clearly proven to be better when skin needs that little extra care.
Clorox BathWand,US,2005,The tub and shower go from zero to sparkling in record time. Designed to clean.
Charles Worthington,UK,2009,Goes to your head.
Colgate Fresh,UK,2000,Fresh breath for hours longer.
Colgate Total Plus Whitening,UK,2002,12 hour protection – whiter teeth.
Colgate Total Advanced Fresh,UK,2004,Used and recommended by most dentists.
Colgate Total,UK,2001,Protects you even when you eat and drink.
Colgate Time Control,UK,2007,Everyday protection against time.
Colgate Simply White Night,US,2003,Dramatically whiter teeth made even simpler.
Colgate Sensitive Multi Protection,UK,2009,1 tool for 7 dental problems.
Colgate Oxygen,UK,2005,Pure. Fresh. Clean.
Colgate Optic White,US,2013,Whiten more. Shine on.
Colgate Fluorigard,US,2005,Liquid strength for teeth.
Colgate Fluorigard,US,2012,Shaped by stylists.
Colgate Actibrush Kids Series,UK,2001,Powerful cleaning for kids.
Colgate 360°,UK,2008,Whole mouth clean.
Colgate 2 in1 Fresh Mint,UK,2002,What a refreshing idea.
Colgate 2 in 1,UK,2003,Toothpaste and mouthwash in one.
Coco Mademoiselle,US,2002,"Watch out, monsieur."
Coco,UK,1998,The spirit of Chanel.
CnR Create,AT,2010,It’s magic!
Clynol,UK,2012,Shaped by stylists.
Clynol,UK,2001,And under control.
Cle de Peau Beaute,US,2004,Touched. Treasured. Transformed.
Clarins Skin Spa,US,2011,"Science, experience, senses."
Christian Dior,UK,1988,"Eyeshadow Duos. Very new, very Dior."
Circ,UK,2001,"Adds thickness, fullness and control to thinning hair."
Chrome,US,2009,Reflections of men.
Chrome,US,2013,It just works.
Christina Aguilera Inspire,US,2009,Follow your inspiration.
Christina Aguilera,UK,2008,"Sometimes, it’s all you need to wear."
Christina Aguilera,UK,2013,Your beauty choice.
Christian Dior Pure Poison,UK,2004,The new seduction by Dior.
Christian Dior No-Age,UK,2002,Say no to older looking skin.
Chine Glaze,US,2007,Flawless with absolute staying power.
Clarins Moisture Cream,UK,2000,"Perfect hydration, 24 hours a day."
Child Perfume,US,2010,Original and authentic since 1990.
Child Perfume,US,2012,"Beauty, Wellness & Fashion."
Child Perfume,US,2012,Preserving natural beauty.
Charmin with Aerobubbles,UK,2005,Specially designed for superior absorbency.
Charmin with Aerobubbles,UK,2011,Natural is best for your skin.
Charlie Urban Energy,UK,2000,Release your urban energy.
Charlie,UK,1986,20 of the most smashing nailcolours you’ll ever have at your fingertips. Beautifully priced.
Charles of the Ritz,UK,1984,Beautiful skin now and forever.
Citre Shine,UK,2002,The original shine enhancer.
Clair de Jour,UK,1983,The break of day from Lanvin.
Clair de Jour,UK,1987,Hairspray – born in the USA.
Clairol Appliances,US,1983,The power to make you beautiful.
Clarins Men,UK,2008,Long live men’s skin.
Clairol Sunkissed,UK,2005,Radiate and shine in any shade.
Clairol Psssssst Instant Spray Shampoo,US,1975,Now you can have clean hair every day of your life.
Clairol Perfect 10,UK,2009,The colour that changes everything.
Clairol Nice ‘n Easy,US,1981,It sells the most. It conditions the most.
Clairol Loving Care,US,1972,You’re not getting older. You’re getting better!
Clairol Hydrience,US,2000,Incredible color that’s incredibly gentle.
Clairol Highlighting Collection,US,1986,"Make your hair glimmer, shimmer or simply glow."
Clairol Herbal Essences Nourishing Palm,US,2005,Rock your senses.
Clairol Herbal Essences Facial Care,US,1999,A totally organic experience. For your face.
Clairol Frost & Tip,US,1973,"Any way you want to do it, Frost & Tip does it."
Clairol Essence,US,1984,Because your hair has an essence all its own.
Clairol Daily Defense,US,2003,Feeling is believing – Guaranteed.
Clairol Daily Defense,UK,2001,Locks dryness out and moisture in.
Clairol Conditioning Spray,US,1976,Makes your hairsetter do better.
Clairol Beautiful Collection,US,2010,Don’t relax without it.
Clairol Balsm Color,US,1974,There’s no excuse not to anymore.
Johnson & Johnston Baby Extracare,UK,2005,Protection that is superior on the posterior.
L’Oréal Plenitude Revitalift Slim,UK,2000,Scientifically proven effectiveness.
Johnson’s Baby Extraclean,UK,2002,Just the 1 for number twos.
Sei Bella,US,2013,You are beautiful.
Secret Outlast,US,2016,Fearlessness. Apply daily.
Secret Flawless,US,2008,Because you’re hot.
Secret Deodorant,US,1973,And now Secret’s pretty new label makes it even more feminine.
Seche Vite,US,2007,You’re the only one for me.
Seche,US,2013,The world’s finest top coat.
Sebulex Shampoo,US,1977,Recommended by specialists.
Sebastian,US,2009,What’s next.
Sebastian,CH,2013,What’s next.
Sebastian,AT,2013,What’s next.
Sebastian,AT,2013,What’s next.
Sebastian,AT,2010,Science for healthy skin.
Sea of Spa,US,2013,Essential dead sea treatment.
Sea Breeze Naturals,US,2006,See what your skin can be.
Sea Breeze,US,1980,More than just a pretty face.
Sea Bond,US,2003,A different generation.
Sea & Ski,US,2004,One application that lasts all day.
Scünci Bendini Clip,US,2011,"Go gorgeous, day or night!"
Scünci,US,2008,Beautiful blends.
Scunci U Style,US,2003,Dream. Imagine. Create.
Secret Platinum Protection,US,2000,"Strong enough for a man, but made for you."
Secret Platinum Protection,US,2013,Fragrance atomizer.
Scoundrel,US,1982,A brave and beautiful new spirit in fragrance.
Scoundrel,US,2004,A fragrance experience.
Sharys,UK,2004,What your skin has been waiting for.
Shapley’s,US,2011,Choose only the best!
Shalimar,US,2001,Let your senses take over.
Sfera,UK,1990,A mild perfume. With a shattering effect.
Sexyhair,US,2016,Styles change. Sexy is forever.
Sexyhair,US,2005,Come in and get sexy.
Sexyhair,US,2012,Listening to your skin.
Sexyhair,US,2012,The beauty of certainty.
Sephora.com,US,2000,The most beauty online.
Sephora,UK,2009,The beauty authority.
Sephora,UK,2009,Bodylicious waxing.
Sensodyne Total Care Extra Fresh,UK,2004,The dentist’s number one choice for sensitive teeth.
Sensodyne Total Care,UK,2003,The number 1 sensitive toothpaste for 40 years.
Sensodyne Toothbrushes,UK,1987,One is perfect for you.
Sensodyne Search,UK,1989,Perfect for all the family.
Sensodyne Gentle Whitening,UK,2000,Now sensitive teeth can be whiter teeth.
Sensodyne Full Protection,US,2004,Full protection plus whitening.
Sensilis R,UK,1984,Effective products for delicate skins.
Senscience,US,1994,Inner hair care.
Senscience,US,2010,The new sport fragrance.
Scottish Fine Soaps,UK,2013,Since 1974.
Stayfree Silhouettes,US,1984,Comfortably curved for truly feminine protection.
Stayfree Silhouettes,US,2011,Feel beautiful!
Savlon Aftersun Foam Spray,UK,2008,A touch of Savlon magic.
Sassoon Salon,UK,2007,The cut is the style.
Sassoon Hair,US,1997,Perfect from beginning to end.
Saremco,CH,2012,25 years Swiss quality.
Sardoettes,US,1972,After-shower towelettes rich in Sardo Bath Oil.
Sardoettes,US,2013,We make beauty.
Sante Active,US,2008,From health to beauty.
Sante,UK,1990,Helps keep skin healthy.
Sante,UK,2010,Pure colours of nature.
Sante,UK,2012,Organic goes luxury.
Sans Soucis,UK,1984,Beauty by nature.
Sans Soucis,UK,2010,Thermal beauty.
Sans Fleurs,UK,1998,Breathe it. Inhale it. Feel it. Experience it.
Sanitized,CH,2010,More than clean.
Sanitized,CH,2007,More than clean.
Sanex Natur Protect,UK,2009,"More natural, but highly effective."
Sanex For Men,US,2006,Healthy male skin in top condition.
Sanex For Men,UK,2005,Keeps healthy skin in top condition.
Sanex Excel,UK,2006,A small revolution.
ScentStory,US,2013,Telling stories through scent.
Schaebens,UK,2010,Feel beautiful!
Schaebens,UK,2006,The color of imagination.
Schick Quattro,US,2003,The power of 4.
Schick Quattro,US,2013,The color revolution.
Schick Quattro,US,1994,Love your hair.
Schwarzkopf Nectra Color,US,2014,The color your hair will love.
Schwarzkopf Live,UK,2006,"If you’ve got attitude, we’ve got the colour."
Schwarzkopf Live,UK,2004,Driven by passion.
Schwarzkopf Göt2b Smooth Operator,US,2009,The goddess of touch.
Schwarzkopf Gliss,UK,2008,Don’t cut it… Gliss it.
Schwarzkopf Gliss,UK,2014,My professional hair care for you.
Schwarzkopf,CH,2010,Together. A passion for hair.
Schwarzkopf,AT,2010,Together. A passion for hair.
Schwarzcopf Professional,UK,1999,The authority in beautiful hair.
Schwarzcopf,US,2006,Expert haircare for you.
Schwarzcopf,US,2011,Inspiration engineered.
Scholl Intensive Foot Rescue System,UK,2003,Because the skin on your feet is different and needs its own special care.
Scholl Foot Spray,UK,2004,"Don’t be shy, be scholl."
Scholl Foot Spray,UK,2015,Love every step.
Scholl Foot Spray,UK,2005,Show yourself.
Schick Quattro For Women Trim Style,US,2010,Whatever your style.
Schick Quattro For Women,US,2013,Free your skin.
Schick Quattro For Women,US,2011,Less is more.
Schick Quattro For Women,US,2013,Natural ethical skincare since 2005.
Sheila Henry,UK,2003,Making the most of you this summer.
Sonicare,UK,2003,Stop brushing start Sonicare.
Soltan,UK,2004,The only five star UVA protection.
Soliance,UK,2001,"The formulator’s choice for active, natural ingredients."
Solar Sense,US,2013,Serious suncare for your skin.
Softlotion,US,2003,Now grown-ups can have baby soft skin too.
Softlips,UK,2004,Nothing glides on like it.
SoftSheen Carson,US,2010,My style. My way.
SoftSheen Carson,UK,2006,My style. My way.
Soft Sense,US,1981,All you feel is soft.
Soft Feel Charmin Double Roll,UK,2000,Double the comfortable clean feeling.
Soft & Beautiful Botanicals,US,2004,Ultimate protection for healthy hair.
Soft & Beautiful Botanicals,US,2013,For all your beauty needs.
Soap & Glory,UK,2010,"In every good story, there’s soap and there’s glory."
So? Sinful,UK,2008,Fragrance with attitude.
So You,UK,2002,So you so why not?
So You,UK,2013,For your beautiful smile.
So You,UK,2016,Paint a smile.
Smooth Away,US,2009,Get smooth!
Smint Xylitol,UK,2003,Fresh breath – Clean teeth.
Smile Spa,UK,2007,Look good feel great.
Sonia Kashuk,US,2007,Design for all.
Sonicare,US,1998,A better kind of clean.
Shiatsu,UK,2013,The garden of love.
Sonicare IntelliClean System/Crest,US,2005,Santa’s waiting Wish list.
Stargazer,UK,2013,Make up with attitude.
Standard Soap Company,UK,2005,The smart option choice.
Stakich,US,2013,Since 1925.
Stacked Style,US,2010,Add some style to your life.
Sta-Sof-Fro,UK,2003,Because we care.
St. Tropez,UK,2008,The ultimate tan.
St. Ives Apricot Scrub,US,2004,"The radiance is yours, the secret is Swiss."
St. Ives 24 Hour Moisture,UK,2004,The secret is Swiss.
St Dalfour Beauty Cream,US,2012,Fair and clear skin in just 7 days!
St Dalfour Beauty Cream,US,2013,Feel the difference.
St Dalfour Beauty Cream,US,2008,Anti-Aging. Next level.
Splat,US,2013,Rebelliours colors.
SpiruSkin,UK,2013,Superfood for the skin.
Spirig,AT,2013,Haut couture for everybody everywhere.
Spiezia 100% Organic,UK,2006,Made for life.
Spiezia 100% Organic,UK,2011,Beauty. A force of nature.
Speed Stick,US,2009,Different strokes for different folks ( What’s your pit type?).
Sparitual,US,2007,Live the good life.
Sophia,US,1982,Wear it with a passion.
Smart Beauty,UK,2002,Inspired innovation.
SmART Nails,UK,2013,Get creative with your nails.
SmART Nails,UK,2013,Solutions for stressed skin.
Skintimate Shave Gel,US,1995,There’s no softer way to shave.
Signal Mouthwash,US,1982,Signal Mouthwash fights the strongest mouth odors. Even onions. Even garlic.
Signal Mouthwash,US,2013,Representing the absolute finest in skin care.
Sienna X,UK,2013,The UK’s leading professional sunless tanning brand.
Sicily,UK,2003,Feel the passion.
Sicily,UK,2003,Feel the passion.
ShytoBuy,US,2013,Keeping things quiet since 2003.
ShytoBuy,UK,2013,Because you are not alone.
Shu Uemura,US,2010,Art of hair.
Shu Uemura,UK,2010,The art of beauty.
Shu Uemura,UK,2013,Art of hair.
Showtime Kylie Minouge,UK,2008,The world is your stage.
Shout Wipes,US,1998,Don’t go out without your Shout.
Shout Wipes,US,2015,Because the beauty is already in you.
Shiseido The Skincare,UK,2003,New strength from deep within.
Shiseido The Skincare,UK,2004,Lift up.
Shiseido Benefiance,UK,2004,Total luxury for the skin.
Shiseido,UK,1989,Because beauty is timeless. Not ageless.
Shimo,UK,1998,Discover the mystery.
Shield,US,1981,"Now you’ll feel cleaner, cleaner than ever before."
Siin,AT,2011,Made for beauty. Made in Austria.
Silk & Silver Hair Color Lotion,US,1975,Your gray hair can be one of the best things you have.
Silk Screen,UK,1989,Hold on to beautiful hands with Silk Screen.
Simple Skincare,US,2013,Sensitive skin experts.
Skinn,US,2013,"Intelligent, inspired, and innovative skincare."
Skinn,US,2013,A story of renewal.
Skin79,US,2013,Skin’s best friend!
Skin Sense,US,2013,Bringing balance to life.
Skin Milk,US,2013,Think milk.
Skin Deep,UK,1950,The cream for close-up beauty.
Skin Deep,UK,2008,Wax up your life.
Simply Soaps,US,2013,In harmony with the environment and you.
Simple Kind To Eyes Balm,UK,2008,We believe in goodness.
Silkience,US,1980,The science of silkening your hair.
Simple Baby Soft Wipes,UK,2004,No perfume. No colour. No worries.
Simple,US,2012,Sensitive skin experts.
Simple,US,2012,"Feel good, look better."
Silvikrin HydroStyle,UK,2007,Flexible hold that’s full of life.
Silvifix,UK,1950,Controls the hair without gumming.
Silvifix,UK,2005,Lead the way.
Silvifix,UK,2005,A disturbance in the atmosphere.
Silvifix,UK,2006,What is a man without a woman?
Sanex Dermoprotector,UK,2004,Enjoy a healthy skin.
Sanex Dermoprotector,UK,2011,The cosmetic & healthcare factory.
Sand & Sable,US,1994,Who needs the Sable?
Sand & Sable,US,2013,Find your reference.
Quilted Velvet,UK,2000,New Quilted Velvet. Now even more luxurious.
Quilted Northern Ultra Plush,US,2009,Luxury you can see and feel.
Quiet Touch,US,1975,The hairpainting kit for brush-on hairlights.
Quencher,US,1988,What lips thirst for.
Quencher,US,2013,Smart and beautiful.
QT by Coppertone,US,1977,Like a whole week of sunshine. Only faster.
Py-Co-Pay,US,1972,Use Py-Co-Pay twice a day. See your dentist twice a year.
Py-Co-Pay,US,2008,Inessential but desirable.
Purpose,US,1994,"Have a life. And beautiful skin, too."
Purista,US,2013,The purist company.
Pureology,US,2013,Serious color care.
Pureology,UK,2013,Serious colour care.
Pureology,CH,2013,Serious colour care.
PureSyn,UK,2001,The clear choice.
Pure SOS,UK,2003,Mission accomplished.
Pure Poison,UK,2007,A new intensity of seduction.
Pure Poison,UK,2004,For the seductress within.
Pure Poison,UK,2001,A new day. A new life.
Pure Poison,UK,2004,A new intensity.
Pure Poison,UK,2013,Care for your smile with beautiful innovation.
RGX,US,2007,Are you ready to step up?
Redmond,US,1995,We’ll never compromise on ingredients – We’ll never skimp on quality.
RSVP – Kenneth Cole,UK,2008,The inviting men’s fragrance.
RSVP – Kenneth Cole,UK,1963,"Revolution in red, revolution mit Redflex."
Red,US,1993,The ultimate expression of a woman.
Recital les Blondissimes,UK,1988,Extra blonding with natural toning.
Reach Mouthwash,UK,1991,Gives plaque the brush off long after brushing.
Reach,US,1982,Now cavity fighting is within your child’s reach.
Raw Vanilla,US,1996,It’s like meeting in the rainforest.
Rapid White Tooth Whitening,UK,2005,Smile. It’s part of your make-up.
Rapid White,UK,2002,For the smile you’ve always wanted.
Rapid White,UK,2010,Art becomes perfume.
Ralph Lauren Romance,US,2009,Always yours.
Ralph Lauren Romance,UK,2000,Fall in love.
Ralph Lauren Polo,UK,2003,New fragrance. New classic.
Ralph Lauren Blue,UK,2004,A new destination in fragrance.
Raintree,US,1980,Raintree keeps your age a secret.
Raintree,US,2009,Health and beauty made by nature.
Radox Vitality,UK,2002,For younger looking skin.
Radiancy,US,2013,Smart skin solutions.
Racoon International,UK,2007,No1 in hair extensions.
RVB,UK,2002,Trend & basic make up.
RVB,UK,2013,Natural cosmetics and energy.
Pure Colour,UK,2001,Pure emotion.
Pure Colour,UK,2012,More than hair.
Pure Colour,UK,2011,Pure pads.
Princess Care,US,2013,Nature’s beauty…is your beauty.
Prime Time Smile,US,2013,Beautiful smiles for busy people.
Primavera,US,2012,Pure nature. Perfect balance.
Primavera,UK,2005,Pure joy of life.
Primavera,UK,2007,Pure nature. Perfect balance.
Prevage,US,2008,Proof Not promises.
Pretty Perfect,UK,2013,The perfect finishing touches for your wedding day or special occasion.
Press & Go,US,1995,Perfectly natural nails.
Premier Luxury Skin Care,UK,2005,Live in legendary beauty.
Preferred Stock,US,1994,What preferred men prefer.
Precision,UK,2001,Effectiveness begins with precision.
Precision,UK,2013,Organic and natural.
Prai,US,2010,Unlock your inner beauty.
Prada,UK,2002,Beauty.
Prada,UK,2013,Enjoy fresh fruits.
Power Bath & Power Kitchen,UK,2000,Shock! They both actually work!
Power Bath & Power Kitchen,UK,2011,Solutions for cosmetics.
Potter & Moore,UK,1985,"Past, present and future. Beautifully blended."
Potion 9,US,1995,Feels better than the hair you were born with.
Principal,UK,2003,Give yourself the gift of a beautiful skin.
Principal,UK,2012,The anti-aging authority.
Priori,US,2012,The anti-aging authority.
Protein 21 Shampoo,US,1973,It helps take care of your hair.
Protein 21 Shampoo,US,2013,To be on one’s best behaviour.
Protein 21 Shampoo,US,2008,Jump into your mood.
Protein 21 Shampoo,US,2013,Beauty forever.
Puig,UK,2010,Passion. People. Performance.
Puffs,US,2007,A nose in need deserves Puffs indeed.
Puffs,US,2013,Certified natural cosmetics.
Provenance,UK,2005,Solutions from nature.
Proto-Col,UK,2008,Naturally advanced skincare.
Protector 3D Diamond,UK,2000,There’s no safer wet shave.
Pro Collagen,UK,2005,"If you love your skin, you’ll love Pro-Collagen."
Pronto Plus,US,2004,"Deadly to lice, easy on kids."
Progress Vulfix,UK,2013,The home of shaving.
Profoot,US,2013,The smart choice in footcare.
Proderm,UK,2002,Deep absorption. Maximum protection.
Proderm,UK,2013,The skin essence liquid.
Probase 3,UK,1990,"Gentle on the face, effective on the body."
ProNutrients,US,2012,Take your nutrition to the next level.
Pro Styling,UK,2003,Always perfect.
Pro Styling,UK,2008,Get inspired. See your stylist.
Regency Beauty Institute,US,2010,There’s a whole world out there just waiting to be beautified.
Sanctuary Spa,UK,2010,Exclusively for women.
RéVive,US,2013,Research. Renewal. Results.
RéVive,US,2011,Beauty. Style. Poetry.
Rubis Tweezers,US,2013,"Rubis tweezers remove every hair, every time."
Royall Lyme,US,2010,All purpose lotion.
Roxy,UK,2007,The first fragrance.
Roux Fanci-Full,US,1982,The shampoo that’s not just for everyone.
Rouge Allure Laque,UK,2009,The ultimate seduction.
Rouge Allure,UK,2009,Seduction in just one click.
Rouge Allure,UK,2013,All you need is love.
Roskens,UK,1980,Probably the world’s finest hand conditioner.
Romaine Women,US,2015,More is beautiful.
Roger & Gallet,UK,2000,Quality and tradition since 1862.
Rodial,UK,2013,Nature. Science. Skincare.
Robanda,US,2013,"A diversified beauty products manufacturer, covering the beauty industry from head to toe."
RoC Retinol Correxion Max,US,2013,For maximum results.
RoC Retin-Ox+,UK,2007,Visible wrinkle reduction in just 12 weeks.
RoC Multi Correxion,US,2015,High performance skincare.
Rivage,US,2013,Back to nature.
Rivage,US,2015,The power of perfume.
Rio,UK,2009,Salon performance at home.
Rusk,US,2013,Fashion + culture + attitude.
Rusk,US,2009,For casual moments.
Regent Skin Care,UK,2003,The solution for working hands.
Regent Skin Care,UK,2014,Be part of it.
Salonuk.com,UK,2006,The home of heavenly hair.
Salon Chic,UK,2013,Smoothly does it.
Sally Hanson,UK,2009,The nail expert.
Sally Hair & Beauty,UK,2002,We’ve got a lot in store for you.
Sally Beauty,US,2016,Beautiful finds. Beautiful prices.
Saicara,UK,2007,Heavenly feet.
Saicara,UK,2008,Best of beauty.
Saicara,UK,2012,Safe. Effective. Beautiful.
Sabrina Cosmetic,CH,2013,Secrets of beauty.
Sabinsa,UK,2000,Our innovation is your answer.
SR,UK,1988,Fight plaque and decay.
SK-II Facial Treatment Concentrate,UK,2003,The miracle of rebirth for skin and soul.
SK-II,US,2009,The secret is out.
SCA Hygiene Products,UK,2008,Essentials for everyday life.
SCA Hygiene Products,UK,2013,Pursuit of timeless beauty!
SCA Hygiene Products,UK,2004,Get it on.
SCA Hygiene Products,UK,2011,Be original.
SCA Hygiene Products,UK,2012,Make the difference.
SCA Hygiene Products,UK,2015,Feel connected.
SCA Hygiene Products,UK,2003,Get the London look.
Right Guard Sport,US,2006,"Odor, you’re going down."
Right Guard Sensitive,UK,2000,Feel fresh all day.
Right Guard Power Stripe,US,2003,Right to the end of the day.
Revitol,US,2013,Natural skin care.
Revitol,US,2013,Expect the best.
Revelon ColorStay,UK,2008,So good. So long.
Revelon ColorStay,UK,2010,Reveal something… not everything.
Restylane,US,2013,Family of injectable gels.
Restylane,UK,2009,Natural beauty made in Sweden.
RestoreLite,UK,2013,Reverse the visible signs of ageing.
Renova,US,1996,"1-800-54-Renova. Where there’s proof, there’s proof."
Rene Furterer Karite,US,1999,Treat your hair to magnificent care.
Remington Wet 2 Dry,UK,2004,Wet 2 straight.
Remington Titanium,US,2003,They could just make all other shavers obsolete.
Remington SuperSonic,US,2003,It doesn’t get any faster.
Remington Mark IV,US,1972,We made the close shave comfortable.
Remington High Precision Body Hair Trimmer,UK,2005,For all the places you don’t want your barber to go.
Rembrandt Plus,UK,2005,A whole new world of white.
Rembrandt 2 Hour White,US,2003,White tonight.
Rembrandt,UK,2003,More than a whiter smile.
Rely,US,1980,It even absorbs the worry.
Regis Salons,US,2002,The cut & color expert.
Regis Salons,US,2008,Be a star.
Revlon Age Defying Spa Foundation,US,2009,Rule #1: Wait for nothing.
Revlon ColorSilk Root Perfect,US,2007,"No brush, no hassle – no roots in just 10 easy minutes."
Revlon Red,US,1988,Unforgettable.
Right Guard For Men 24hr Time Release,UK,2004,Start Right. End Right.
Right Guard Extreme Sport,UK,2001,Get Xtreme. Get Right Guard.
Riemann P20,UK,2006,Once-a-day. That’s it.
Riemann P20,UK,2013,Secrets of beauty.
Riemann P20,UK,1995,VIP beauty.
Riemann P20,UK,2001,There’s a better way to stay fresh.
Revlon Touch & Glow,US,1976,88%% protective moisturizer. 100% beautiful.
Revlon Thermal-Tex,US,1983,The professional way.
Revlon Perm Life,US,1983,Share the secret. Discover Perm Life for a longer lasting perm.
Revlon Colorburst,US,2010,It’s love at first swipe.
Revlon Nutrasome,UK,1991,Advanced treatment for thinning hair.
Revlon Nail Art Moon Candy,US,2013,Dare to be cosmic.
Revlon Matte,US,2009,I must have Revlon Matte.
Revlon Lipglide,UK,2003,All colour – All shine – All you.
Revlon Formula 2,US,1981,Science made sensuous.
Revlon Deluxe Crème Lipcolor,UK,2000,Unique right through to its core.
Revlon Custom Effects,US,2006,Salon quality highlights or lowlights – At home.
Revlon Colorstay Mineral Lipglaze,US,2009,Gloss like you mean it.
Stayfree Maxi Pads Deodorant,US,1982,Deodorant protection you can count on.
Stayfree Super Pads,US,1983,Extra protection that’s super for overnight.
Pond’s Institute,US,2013,Innovating the science of beauty since 1846.
Pond’s Institute,US,2010,Inner active beauty.
Vidal Sassoon Skin Care,US,1981,"Because if you don’t look good, we don’t look good."
Vidal Sassoon Pro Series,US,2013,Perfected by experts.
Vidal Sassoon Ion,US,2004,Perfection without limits.
Vidal Sassoon Ion,UK,2003,Very simple. Very stylish.
Victoria’s Secret,US,2009,Inspired by the love of lingerie.
Victor & Rolf Bonbon,US,2016,The feminine fragrance.
Vibrance,US,1993,Discover your vibrance.
Via Dezign,US,1999,Style with imagination.
Very Valentino,UK,2001,The ultimate seduction for women.
Very Irresistible Givenchy,UK,2008,"Very elegante, very fun, very you."
Vera Wang Rock Princess,US,2009,"The music, the spirit, the new fragrance."
Vera Wang Princess,UK,2008,Born to rule.
Vera Wang Princess,UK,2013,Be glamorous. Be you. Be jeweled.
Vera Wang – Princess,UK,2007,A new spirit in fragrance.
Venus Embrace,US,2010,Reveal the goddess in you.
Venus Breeze,US,2007,Reveal the goddess in you.
Venus Bikini,US,2010,Reveal the goddess in you.
Venus Bikini,US,2003,Perfect skin care.
Venkman Industries,UK,2013,Health & beauty products you can rely on.
Venkman Industries,UK,2013,Open to the world of happiness.
Venkman Industries,UK,2009,"Wellness & cosmetics for body, skin ‘n’ soul."
Venkman Industries,UK,2008,Inessential but desirable.
Vitacilina,US,2004,Ah! What a good medicine.
Weleda Wild Rose,UK,2008,Health and wellbeing in harmony with nature.
Weckerle Cosmetics,UK,2008,Innovation never ends.
Wash with Joe,US,2013,Wake up & feel the coffee.
Wash & Curl,US,2004,The curling shampoo.
Wash & Curl,US,2013,The innovation in personal hygiene.
Wahl,US,2006,The brand used by professionals.
Wahl,US,2011,Flexibility meets quality.
WHAL,US,2008,Discover the power of a WHAL trimmer.
W.R. Rayson,US,2013,Quality beauty products for salon and spa professionals.
Voya,UK,2013,Organic beauty from the sea.
Volupte,US,1993,Trust your senses.
Volupte,US,1995,It’s my voice…
Viviscal,US,2013,The secret of beautiful hair.
Vivid,US,1993,The essence of being.
Vivid,US,2003,Let your hair live.
Vivage,US,1984,Some things can make your heart beat a little faster. Vivage is one of them.
Vitamin Shampoo,US,2008,Daily rituals.
Vitalumiere,UK,2005,A youthful glow for your complexion.
Vitalis,US,2004,Vitalis is life for hair.
Velvet Quilted,UK,2005,A different kind of softness.
Veet Wax Strips,UK,2007,Sensationaly smooth.
Stella,UK,2008,The first perfume by Stella McCartney.
Urtekram,UK,2012,Organic originals.
Urge,US,2007,It’s irresistible.
Urge,US,2013,Fashion addicted.
Urban Decay,US,2012,Beauty with an edge.
Upper Canada Soap,US,2013,Your bath & beauty partner.
Unlisted,UK,2003,Unlisted 0870 2255 007 – The one number you need to know.
Unlisted,UK,1994,The ecstasy of the unknown.
Unlisted,UK,2015,The new art of tailored luxury.
Unlisted,UK,2013,Unique effective.
Umbro,UK,2001,In a league of its own.
Umberto Giannini,UK,2002,Find your g.
Umberto Giannini,UK,2008,Professional protection.
Ultrasonex,US,2005,The only toothbrush with ultrasound.
Ultra-Brite Toothpaste,US,1959,The taste you can really feel gives your mouth. Whee! Ting! Sex appeal!
Ultra Ban Powder Spray,US,1973,It feels soft. It works hard.
Ultimate Organics,US,2013,Healthy living today.
Ultima II,UK,2001,The cutting edge in the science of beauty.
Ulta Beauty,US,2009,The store on everyone’s lips.
Ulta Beauty,US,2010,Make up. Beauty. Lifestyle.
UK Hair Clinic,UK,2013,The hair restoration specialists.
UK Hair Clinic,UK,2017,Always organic.
UK Hair Clinic,UK,2013,Beauty make-up supersonic.
Veet Rasera,UK,2005,Voted product of the year.
Uvistat,UK,1988,The gentle art of sun control.
Uvistat,UK,2013,Keeping skin amazing.
Vaseline Total Moisture,US,2012,"Feels good, does good."
Vaseline Total Moisture,UK,2012,"Feels good, does good."
Vaseline Intensive Care Mineral Bath,US,1976,Turns your own tub into a skin softening spa.
Vaseline Hand & Nail Lotion,UK,1991,The hand lotion for nails.
Vaseline Body Lotion Skin Firming,UK,2004,Your skin says why not.
Vaseline,UK,2012,Never stop caring.
Vaseline,UK,2007,"First love, first kiss."
Vanilla Musk,US,1996,What innocence does for sensuality.
Vanderbilt,US,1983,Let it release the splendor of you.
Vanda Beauty Counselor,US,1972,We come counseling
Vanda Beauty Counselor,US,2013,Our fragrance.
Valera,CH,2013,Swiss hair specialists.
Valentino Gold,UK,2002,The new gold standard for women.
Valentino,UK,1985,A perfume of passion and magnificence.
VO5 Styling,UK,2001,Style with confidence.
VO5 Smooth & Shine,UK,2008,Vitaly alive hair from VO5.
VO5 Hot Oil,UK,2009,The one minute wonder.
V.05,UK,2013,UK’s no.1 styling brand.
V.05,UK,1992,Perfectly you.
V.05,UK,2010,Catch the light.
Wella Colour Confidence,UK,1983,Gives you more of both.
Wella Colour Confidence,UK,2013,Essence of nature.
Wella Colour Confidence,UK,2009,Living and loving in the moment.
Wella Colour Confidence,UK,2013,Irresistibly audacious. Utterly edgy.
Wella Colour Confidence,UK,2012,Daring is an art.
Wella Colour Confidence,UK,2015,The feminine fragrance.
Yves Rocher,UK,1988,Natural beauty from plants.
Young Nails,US,2007,It’s all about you.
Young Nails,US,2013,Express your style.
Yon-Ka,UK,2008,The alchemy of pure wellness.
Yon-Ka,UK,2013,Unrefined.
Yesto,US,2014,Natural beauty recipes.
Yes,US,2013,The home of natural lubricants.
Yardley So For Him,UK,1998,Women love it!
Yardley London,US,2013,An everyday treat for your skin.
Yardley English Lavender,UK,1995,The finest lavender in the world.
Yardley,US,1976,The oatmeal for your skin.
Yardley,US,2013,It’s your skin!
Xtreme 111,UK,2001,Extreme closeness. Extreme convenience.
Xen Tan,UK,2013,Premium sunless tan.
Wright’s Coal Tar Soap,UK,1950,Ideal for toilet and nursery.
Wright’s Coal Tar Soap,UK,2013,Luxury with a purpose.
Zao,UK,2013,Essence of nature.
Wella Head Games,UK,2004,Don’t try this. Try Head Games.
Wella Head Games,UK,2013,A scent for a new day.
ici,US,1997,"In French it means here, but you can wear it anywhere."
ibd,US,2008,The nail people.
eShave,US,2012,The experts in men’s shaving since 1996.
Zwitsal,UK,2005,We know how it feels.
Zonite,US,1975,To know it is to be confident.
Zonite,US,2012,Color. Love. Makeup.
Zirh Ikon,US,2009,Redefining fragrance for men.
Zirh,US,2013,The best in men’s skincare.
Zino,US,1994,The fragrance of desire.
Zino,US,2013,Focus on skin.
Zewa Toilet Tissue,US,2014,Love your skin.
Zest Cool Xtreme,US,2003,Get zestfully clean.
Zest Body Wash,US,2005,Get your Zest back.
Zest,US,2008,Zest cleans life’s dirt.
Zero Frizz,US,2013,100% rescue.
Zensation,CH,2011,Sense of beauty.
Zeno,US,2010,Beauty through the science of heat.
Zeno,US,2011,Innovative cosmetics.
Zeno,US,2015,For timeless beauty.
Zeno,US,2006,Feel the beach.
Woods of Windsor,UK,2013,Natural beauty from the gardens of England.
Wood Nymph,UK,1984,For a more subtle shade of blonde.
Wonderstruck,US,2011,The beginning of something magical.
White Chantilly,US,1996,Help him find you.
White Chantilly,US,2004,Future health.
Wet Ones,US,2006,America comes clean with Wet Ones.
Wet Ones,US,2013,Care in parfums and beauty.
Wet Ones,US,2008,Private label and more.
Wet Ones,US,2011,Quality counts in hygienic paper.
Wet Ones,US,2005,Your future.
Wet Ones,US,2010,Inspired by nature.
Wellaflex,US,1981,Don’t just spray Wellaflex your hair with the flexible hold that won’t let you down.
Wella Viva,UK,2000,Beautiful hair needs an expert.
Wella Shockwaves Creative Clay,UK,2003,Do your do.
Wella Shock Waves,UK,2001,Simply take control.
Wella Shock Waves,UK,2010,The science of personalized care. From Wella.
Wella Riva,UK,1987,The designer perm with its own homecare range.
Wella Riva,UK,2007,Hair comes alive in our hands.
Wella Professional,UK,1987,The serious approach to beautiful hair.
Wella Professional,UK,2004,Hair Couture.
Wella Perms,UK,1984,Wella perms have all the answers.
Wella Kolestral,US,1982,The deeper conditioner.
White Cloud,US,2006,It’s that soft.
White Diamonds,US,1993,New brilliance for the bath.
White Lotus,UK,2013,"Fusing the science of collagen induction with holistic, eastern anti-aging secrets."
White Lotus,UK,2012,More than perfect.
White Lotus,UK,2009,Design your face.
Women’s Rogaine,US,2016,More is beautiful.
Wisdom Reflex,UK,1993,About as close as teeth and a toothbrush can get.
Wisdom Quest,UK,1987,A new direction in oral hygiene.
Wisdom Easy Floss,UK,2007,Flossing has never been so simple!
Wisdom,UK,1997,Completely dental about brushes.
Wings,US,1993,Set your spirit free.
Wind Song,US,1981,I can’t seem to forget you. Your Wind Song stays up in my mind.
Willow Lake,US,1997,Nature’s prescription for beautiful hair.
White Step,US,1994,Your first and last step.
Williams Lectric Shave,US,2004,Blade close. Lectric smooth.
Wilkinson Sword Super Sword Edge,UK,1964,Made with a craftsman’s care – For shaving perfection.
Wilkinson Sword Quattro for Women,UK,2008,Free your skin.
Wilkinson Sword Quattro for Women,UK,2013,Free your skin.
Wilkinson Sword Quattro,UK,2009,Free your skin.
Wilkinson Sword Quattro,UK,2003,Get ready.
Wilkinson Sword Quattro,UK,1998,The feel of smart design.
Whiter Image,US,2013,"Wherever you smile, we make it brighter."
U by Kotex,US,2010,Tellin’ it like it is.
Tweezerman Professional,US,2007,Imagine the possibilities.
Tweezerman,US,2009,The beauty tool experts.
T/Gel,UK,2001,It works.
Syoss,CH,2016,Get syossed.
Syoss,CH,2009,Professional performance.
Synergie Stop,UK,2001,Anti-ageing daily moisturiser. Make time wait.
Synergie Stop,UK,2013,Makes your skin work.
Sylk,UK,2013,The natural lubricant.
Sybaritic,US,2010,Global aesthetic solutions.
Swissline,CH,2013,Swiss born anti-aging.
Swiss Smile,CH,2013,A smile can change the world.
Swiss Dent,CH,2013,The Swiss art of gentle whitening.
Swisa,US,2013,When beauty & nature meet.
Swisa,US,2013,When beauty & nature meet.
Sweetheart,US,1950,The soap that agrees with your skin.
Sweet Breath,US,2013,Trusted oral care.
Sweet Breath,US,2013,From Sweden with love.
Swebee,US,2014,Bee one with nature.
Swebee,US,2012,Quality of life without sweat.
Swebee,US,2011,Free your life.
Swebee,US,2007,Leader in hair solutions.
Susan Posnick,UK,2009,Makes beauty simple.
Susan Posnick,UK,2011,From development to final product.
T3,UK,2007,The science of fabulous.
T3,UK,2009,Feel the spirit of nature.
TCB,UK,2003,Taking care of beauty.
Tanda,US,2013,Powerful beauty.
Tanda,US,2013,Because your beauty is our concern. Since 1935.
Tan Care,US,1977,The after tan lotion by Coppertone.
Tampax Super Plus,US,1980,It’s got all the pluses you and your fashions need.
Tampax Pearl,UK,2009,The newest way to outsmart the monthly gift.
Tampax Non Applicator,UK,2000,The game never stops why should you?
Tampax Multi-Pack,UK,2000,"Single box, multi choice."
Tampax Compak Fresh,UK,2006,Flower power.
Tampax Compak,US,2006,The one. The only.
Tampax Compak,US,2010,Together dreams come true.
Tag,US,2005,Consider yourself warned.
Tag,US,2003,Looks perfect.
Tag,US,2004,Looks perfect.
Tag,US,2004,That’s sport.
Tag,US,2003,Really a man’s world.
Ta-ta-toos,US,2013,Temporary tattoos for your ta-tas.
TIGI,US,2013,"By hairdressers, for hairdressers."
TCP,UK,1979,TCP works – and works fast.
TCB,US,2013,An affordable indulgence.
Surya Brasil,US,2013,A lifestyle with harmony in nature!
Sure Women,UK,2008,There’s no smoother roll on.
Sure Unscented,US,2004,Raise your hand if you’re Sure.
Sure Uncented,US,2005,Protection that’s undetected.
Sun-In Gel,UK,2000,Have it your own way.
Sun-In Gel,UK,2005,It’s always the Sun.
Sun Sense,UK,2001,Have the sense to Sun Sense.
Sun FX,UK,2002,Bronze without the burn.
Sui Dreams,UK,2001,A fragrance on the edge of fantasy.
Sudden Change,US,2013,Advanced skin technology.
Suave Professionals,US,2016,Live beautifully.
Suave Performance,US,2003,Don’t you look smart?
Suave Humectant,US,2005,How beautiful is that.
Styx,AT,2009,Welcome to the world of nature.
Style II,US,1980,We take your hair seriously.
Style II,US,2012,Be your own.
Style II,US,2013,The world of high-quality cosmetics.
Stonic,CH,2004,Professional products.
Still Jennifer Lopez,US,2003,"In the eye of the storm, I am still Jennifer Lopez."
Still Jennifer Lopez,US,2004,In the eye of the storm I am still.
Stila,US,2013,Makeup your own rules.
Stila,UK,2013,Makeup your own rules.
Steradent 3 Minutes,UK,2002,Get your teeth into life.
SunChemical,UK,2001,The name you trust.
SunChemical,UK,2013,Fit for sun.
Sundown Sunscreen,US,1983,For healthy fun under the sun.
Sure Advantage,US,2000,"Nothing keeps you drier. The tougher it gets, the tougher it gets."
Sure Ultra,UK,2001,Our most effective anti-perspirant.
Sure Spray Deodorant,US,1973,You’ll be drier. We’re sure.
Sure Sport,UK,2007,Engineered for sports fanatics.
Sure Source,UK,2002,Combats emotional sweat.
Sure Solid,UK,1984,A new dimension in protection.
Sure Oxygen,UK,2000,The fresher way to stay dry.
Sure Men,UK,2008,Future – Ready – Protection.
Sure Biorhythm,UK,2007,Works in sync with you.
Sure Active Response,UK,2004,Kicks in when you need it most.
Sunflowers,US,1993,A celebration of life.
Sure & Natural Super Maxishields,US,1984,"Such super protection, you’ll never go back to thick."
Sure & Natural Super Maxishields,US,2009,Update your style.
Super +,US,2011,"The world’s most powerful superfoods fight aging for youthful, beautiful skin."
Super +,US,2010,Healthy gums. Healthy life.
Sunsilk Aqua Minerals,UK,2004,For that just washed feeling.
Sunshine Yellow Irish Spring Soap,US,1980,"Same clean fresh scent, same double deodorant action."
Sunkissed,UK,2013,Beautiful bronzing every day.
Sung Alfred Sung,US,1996,The essence of style.
Sung Alfred Sung,US,2013,Cares for the hair you wear.
Sung Alfred Sung,US,2012,Medicine for your skin.
Sung Alfred Sung,US,2011,The beauty tool experts.
Touches,UK,2013,Release the beauty from within.
Touche Eclat Complexion Highlighter,UK,2008,The magic pen for ultimate radiance.
Touche Eclat,UK,2007,Give the radiance of a star to your complexion.
Touch of Silver,UK,1984,The shampoo for grey hair.
Total Effects Lipcolour,UK,2001,"Proven to give you younger, fuller looking lips."
Total African Mango,UK,2013,Advanced weight loss supplements.
Total African Mango,UK,2005,The choice is easy.
Total African Mango,UK,2012,Pro-style products.
Total African Mango,UK,1987,Every day.
Toni Silkwave,US,1982,The personal perms.
Toni & Guy,UK,2005,Leave the hair to us.
Tone,US,1981,Balanced to bring clean and soft together.
Tone,US,2006,For professionals only.
TommyGuns,UK,2009,Inspired by nature.
TommyGuns,UK,2004,A private performance.
TommyGuns,UK,2010,Proud to be Loud.
TommyGuns,UK,2000,A new sound in fragrance.
TommyGuns,UK,1999,A declaration of independence.
Tom’s of Maine,US,2011,Since 1970.
Tom’s of Maine,US,2004,Be free.
Touche Eclat Radiant Touch,UK,2003,"Like a touch of magic, add unparalleled radiance to your skin."
Toujours Laimant by Francois Coty,UK,2000,Love & be loved.
Toujours Laimant by Francois Coty,UK,2011,A drop of paradise.
Trade Secret Salons,US,2007,The newest salon products now.
Tweed,UK,1994,The finishing touch.
Tussy,US,1961,Tussy cares for you.
Turnstyle,US,2002,Renew. Revive. Restyle.
Trybol,CH,2009,Swiss natural cosmetics.
Truth Calvin Klein,UK,2000,The senses don’t lie.
True Religion Fragrances,US,2009,Fashion for the senses.
True Religion Fragrances,US,2011,Premium nail care.
Tropical Shine,US,2008,The finest nail files in the world.
Trojan Evolve,US,2007,Choose the one who uses a condom every time.
Triple Velvet,UK,2009,Soft soft soft.
Triple Velvet,UK,2013,The perfect system.
Trim,US,1983,Tougher than nails.
Trim,US,2013,Hair fashion & style.
Tresor,UK,2008,Love is a treasure.
Treson,UK,2001,The fragrance for precious moments.
Tresemmé Curl Reactivation,US,2008,Curls you’ll love. A price you’ll adore.
Tresemmé Color Thrive,US,2006,Let your color thrive.
Transvital,CH,2008,Advanced Swiss research.
Transform,UK,2005,Transforming the way you feel.
Tisserand,US,2013,It’s what’s inside.
Tints of Nature,UK,2013,Your happiest healthiest hair colour ever.
Timotei Skin Care,UK,1989,For naturally beautiful skin.
Timotei Repair and Shine,UK,2000,Working with nature for the good of your hair.
Timotei Repair and Shine,UK,2010,Joy to the world – beware of imitations.
The Cosmetic House,UK,2013,Beauty at your fingertips.
The Berry Company,UK,2013,Nature’s secret remedies.
The Art of Shaving,US,2013,Experience the perfect shave.
The Art of Shaving,US,2013,Memories on human skin.
The Art of Shaving,US,2012,House of the smiling ‘n’ massage.
Terre D’Hermes,UK,2008,Inspired by earth and sky.
Terax,US,2013,The evolution of beautiful hair.
Tendre Poison,US,1995,Fresh. Playful. Tenderly seductive.
Tena Ultra Mini,UK,2002,"Ultra thin, ultra small, ultra dry."
Tena Serenity,US,2004,Leaves you feeling fresh.
Tena Pants Discreet,UK,2006,Drier. Safer.
Tena Men,UK,2015,Keep control.
Tena Lady Mini,UK,2003,"Forget your worries, not your style."
Tena Flex,UK,2002,The future shape of continence care.
Tena,US,2015,Tena lets you be you.
Temporalia,UK,1992,Anti-time day care cream – Past. Present. Future.
Tempo,UK,2011,As life unfolds.
Teint Innocence,UK,2007,"A pure, fresh complexion, glowing with natural beauty."
The Healing Garden,UK,2001,"Holistic fragrances for the well-being of body, mind and spirit."
The Healing Garden,US,2013,Nourish your skin and soothe your soul.
The Healing Garden Waters,US,2002,Therapies for your mind + body + spirit.
Thicker Fuller Hair,US,2013,Advanced thickening solutions.
Timotei Orange and Wild Mint,UK,2001,Let nature go to your head.
Timotei Golden Highlights Camomile,UK,2002,Lighten up!
Timotei Cotton,UK,2000,Experience the power of nature.
Timotei,UK,2008,Unleash the beauty of nature.
Timetospa,UK,2012,Experts in spa and beauty at home.
Tiffany,US,1993,Few things become a woman so.
Tiffany,US,2013,Technical instruments for a long life.
This Works,UK,2013,Modern natural beauty.
Thermasilk Frizz Fighter,US,2001,The beauty in heat.
The Hot Miracle,UK,2004,It’s that straightforward!
Therapy-G,US,2013,"Fight hair loss. See, feel, believe."
Theramed Perfect,UK,2002,Simply smarter.
Theramed Perfect,UK,2013,Supportive care.
The Stephan Co.,US,2013,Keeping America beautiful since 1897.
The Science of Black Hair,US,2013,Your hair education. Simplified.
The Science of Black Hair,US,2011,Swiss made since 1950.
The Pantene Pro-V Awards,UK,2002,Celebrating the spirit of beauty.
The Ladytrac II Razor From Gillette,US,1974,You can’t afford to shave with anything else.
Ponds Cold Cream,US,1982,Beautiful skin created by Ponds.
Pond’s Cold Cream,UK,1983,Is your cleanser as good?
Johnson’s Baby Shampoo,UK,2002,Say goodbye to tangles.
Lubriderm,UK,2002,What makes it different makes it better.
Lubriderm,UK,2013,Because a fulfilled partnership is not a privilege of the youth.
Loving Care,US,1975,It’s good for your hair.
Lovely,UK,2007,The first scent.
Love’s Baby Soft,US,1983,Nothing feels as good as love.
Lotus Sensitive,UK,2007,Skincare for your derriere.
Lotus Freshness,UK,2005,The one with a cleansing balm.
Lotus,UK,2006,Unique cleansing balm.
Lornamead,US,2012,Adding value to brands.
Lornamead,UK,2011,Adding value to brands.
Lornamead,UK,2010,Adding value to brands.
Lorealparis.co.uk,UK,2002,Discover easy make up now!
Lonza,UK,2000,Preserving your confidence.
Longing,US,1994,Make a man remember.
Longing,US,1992,The way you are – the way you go.
Longing,US,2012,The world of natural cosmetics.
Longing,US,2011,Colours made by nature.
Longing,US,2011,The natural care company.
Lobob,US,2013,"For optimum vision, Lobob those lenses!"
Living Simply Soap,US,2013,Because what you use on your skin matters!
Lubiderm,US,2000,See you later alligator.
Lucien Lelong,US,2010,Fine fragrances since 1924.
Lucien Lelong,US,2015,Spray responsibly.
Lucky Tiger,US,2013,We’ve been helping men get lucky since 1935.
M. Asan,UK,2010,Beauty from the power of grapes.
M. Asan,UK,2010,Style up your life.
M Professional,US,2004,Hair care for men.
M Of The Face,US,2011,Clear skin is beautiful.
Lynx Shower Shakes,UK,2003,Handle with care.
Lynx Instinct,UK,2009,Unleash the man leather.
Lynx Excite,UK,2011,Even angels will fall.
Lynx Dimension,UK,2002,Find another Dimension.
Lynx Dark Temptation,UK,2008,As irresistible as chocolate.
Lynx Bullet,UK,2009,Pocket pulling power.
Lynx 24 Hour Formula,UK,2002,Be careful.
Lynx 24 Hour Formula,UK,2013,Flavoured with love.
Lycon Wax,UK,2008,The hottest wax since 1973.
Luster Pink Oil,US,2003,Let your hair speak for itself.
Luster Pink Oil,US,2008,Fresh handmade cosmetics.
Lumina Health,US,2013,The cellfood company.
Lumiere,UK,1984,The brilliant new fragrance that lingers til last light.
Lulu Guinness Signature Fragrance,UK,2003,"Feminine, elegant, witty and glamorous."
Lulu Guinness Signature Fragrance,UK,2010,The fascination of beauty.
Lulu Guinness Signature Fragrance,UK,2013,100% natural. Uniquely New Zealand.
Little Black Dress,UK,2001,Every woman should possess it.
Miners,UK,2000,Make-up to make out in.
Lift Activ,US,2003,"Health is vital, start with your skin."
Life-flo,US,2013,Natural living.
Libresse,UK,2016,Live fearless.
Libra Slims,UK,1985,The featherweight that acts like a heavyweight.
Libra Bodyform,UK,1989,Shaped for confidence. For comfort. For you.
Li-Lets,UK,2008,Designed for comfort.
Li-Lets,UK,2013,The leading designer brand for intimate lifestyle products.
Leichner,UK,1989,Professional makeup.
Lee Stafford,UK,2013,"Have fun, look wicked, smell beautiful."
Lee Nails,UK,1992,Leaders in nail care for you.
Lechat,US,2007,Always on the cutting edge.
Le Jardin,US,1984,The incurably romantic fragrance.
Le Jardin,US,2008,100% organic glamour.
Le Jardin,US,2011,Naturally effective.
Laura Mercier,US,2012,Flawless has many faces.
Laura Geller,US,2013,Beauty ingenuity.
Laura Biagiotti Venezia,US,1993,A seduction of the senses.
Lauder Pleasures for Men,US,2002,Capture the moment.
LashFood,US,2013,"Longer, thicker, stronger lashes naturally."
LashFood,UK,2013,"Longer, thicker, stronger lashes naturally."
Lifeforce,CH,2013,Giving you vitality.
Lift Lumiere,UK,2009,The sparkle of youth.
Litteralement,UK,2000,Distinctively Dior.
Lift Lumiere,US,2009,Firmly resist the look of aging.
Listermint,US,1976,Tastes as good as it works.
Listerine Total Care,UK,2008,Voted mouthwash product of the year.
Listerine Smart Rinse,US,2011,The fun way to fight cavities.
Listerine Natural Citrus,US,2003,You can handle it. Germs can’t.
Listerine Advanced Tartar Control,UK,2006,Helps keep teeth white.
Liquid Smile,CH,2013,A smile is forever.
Liquid Smile,CH,2013,A smile is forever.
Liquid Keratin,US,2013,Defy your DNA.
Liqua 4,US,1982,Shower yourself with skin care.
Liph Solutions,US,2013,We put the pH in life.
Lipfinity from Max Factor,UK,2007,Is your lipstick still on!
Lip Smacker,US,2013,Best flavor forever.
Lip Quencher,US,1976,A new kind of lipstick that’s kind to your lips.
Linia,UK,2006,Enhancing the real you.
Linia,UK,2011,Pure New Zealand bodycare.
Linia,UK,2010,Finest fragrances.
Linia,UK,1988,What a feeling.
Lily,UK,2003,Helping you enjoy life to the full.
Lilia,UK,1983,"Looking good, feeling safe and secure."
M. Asan,US,2010,Beauty from the power of grapes.
M.A.C,UK,2013,Make-up art cosmetics.
M.A.C,UK,2011,Skin care at the frontier of medicine.
Men-u,UK,2013,Performance matters.
Men-u,UK,2015,Dangerously beautiful.
Mehaz,US,2007,For the artist’s touch.
Medusa’s Make-Up,US,2013,Hi-tec makeup for innovative style.
Medusa’s Make-Up,US,2013,"Beautiful, healthy hair begins with a healthy scalp."
Medical Hair Restoration,US,2005,It’s the hair dude!
Medi Care,UK,1988,Your health & beauty store.
Mederma,US,2003,So you always stay a work of art.
Med Beauty,CH,2013,Knowledge creates beauty.
MeMeMe,UK,2013,Free spirits only!
Maybelline Ultra-Lash,US,1974,"The finest make-up, yet sensibly priced."
Maybelline Non Stop Makeup,UK,2001,There’s no stopping it.
Maybelline Non Stop Makeup,UK,2015,Make it happen.
Maybelline Non Stop Makeup,UK,2013,"Kiss my lips, Baby!"
Maybelline Eye Pencil,US,1981,Write eyes as unique as your signature. It’s easy with a pencil from Maybelline.
Maxithins,US,1982,"Protection, comfort and convenience in the palm of your hand."
Maxi,US,1982,Go for the Maxi.
Max Factor Skin Principle,US,1982,Serious skin care made simple.
Max Factor Gold,UK,1999,For the most luscious lips in the world.
Max Factor Concealer Pencil,US,1980,Take your face to the maxi.
Memoire Liquide,US,2010,Bespoke perfumery.
Men-ü,UK,2013,Performance matters.
Men-ü,UK,2013,The beauty company.
Mennen E,US,1973,The deodorant made with vitamin E.
Milk_Shake,UK,2013,The energy of nature for your beauty and wellbeing.
Milano Cento,UK,1989,The fragrance that is never out of place!
Milani,US,2013,Color as diverse as you.
Mila d’Opiz,CH,2007,The art of beauty.
Midland Paper Products,UK,2009,Keeping things simple!
Microderm,US,2013,Where skincare meets lifestyle.
Michael Kors,UK,2004,"A chic, luxurious, sexy fragrance for women."
Mibelle,CH,2010,We make your brand grow.
Mibelle,CH,2008,Who are you today?
Mibelle,CH,2011,Be magnetic.
Merle Norman Luxvia,US,2004,Discover just how beautiful you can be.
Merle Norman Luxvia,US,2016,The first perfume collection by three master perfumers.
Merle Norman Luxvia,US,2016,The first feminine fragrance.
Merle Norman Luxvia,US,2010,Beauty is our life.
Mentholatum Softlips,US,2003,Because lips should be soft.
Mentadent Replenishing White,US,2005,Behold the fountain of youth.
Mentadent,US,2006,The toothpaste for teeth people.
Mennen Speed Stick 24/7,US,2003,Never quits.
Mennen Millionaire,US,1980,"Whatever he wears it with, he’ll feel like a million bucks."
Max Factor Colorfast,UK,1987,The long lasting cosmetics by Max Factor.
Max Factor Colorfast,UK,2004,The make-up of make-up artists.
Maws,UK,1985,Protects even the most sensitive skin.
Mavala Scientifique,UK,1987,The original penetrating nail hardener.
Manugel,UK,2001,The convenient solution to best practice in hand hygiene.
Manista,UK,1987,The natural hand cleanser.
Manista,UK,2013,Quality tradition & innovation.
Manicare,UK,2013,Beauty essentials.
Manic Panic,US,2013,Rock + glamour. Redefined.
ManiCare,US,2013,We come to you!
Mangroomer,US,2013,Maintain yourself.
Mane ‘n Tail,US,2013,The original.
Mane ‘n Tail,US,2010,We capture what moves.
Mane ‘n Tail,US,2005,Wherever you are.
Mane ‘n Tail,US,2012,Feel your beauty.
Malibu,UK,2000,Sun protection you can trust.
Malibu,UK,2013,For pros. For you. For ever.
Malibu,UK,2013,High end make up.
Malibu,UK,2010,Breath of Berlin.
Malibu,UK,2013,Beauty and care of the sea.
Macleans Junior Mouth Guard,UK,1994,Macleans where a kid’s toothbrush can’t.
Macleans 40+,UK,2002,Slow down time.
Macleans 40+,UK,2013,Innovation and reliable protection.
Marbella Cosmetics,US,2013,Semi permanent cosmetics.
Marbert,US,2008,Marbert cares for me.
Marc Anthony,US,2013,True professional.
Marc Anthony,US,2010,Enriching women’s lives.
Matrix,US,1996,Expanding the salon experience.
Matrix,UK,1999,Only from salons.
Matrix,UK,2007,#1 in american salons.
Master Lin,AT,2011,The golden age for body and skin.
Massengill,US,1980,Freshness made easy.
Mason Pearson,UK,1992,The great original.
Mascara Parfait,UK,1990,Perfection in the wink of an eye.
Mascara Coup de Theatre!,UK,2003,The original mascara for a false eyelash effect.
Marvis,US,2013,Contemporary toothpaste.
Marc Jacobs,UK,2007,"Gardenias floating on water, enhanced by creamy musks."
Marc Jacobs,UK,2013,Because we are just different.
Markwins,UK,2006,The beauty revolution never ends.
Markwins,UK,2010,Personality through the prism of color.
Markwins,UK,2013,Considered to be the most luxurious fragrance in the world.
Marilyn Monroe Perfume,US,1984,The new fragrance with star quality.
Marilyn Monroe Perfume,US,2007,Naturally cultured.
Mariah Carey’s Luscious Pink,US,2008,Embrace the ethereal.
Margaret Astor,UK,2000,Colour your emotion.
Lasercare,UK,2004,We care about skincare.
Lander,US,2013,Since 1920.
Lancôme Primordiale,US,1995,The new world of skincare.
Lancôme Primordiale,US,2016,Bring the salon home.
Kingdom,UK,2003,The first parfum from Alexander McQueen.
King of Shaves Sub,UK,2013,"Shave, save, simple!"
King of Shaves Hyperglide,UK,2014,Just add water.
King of Shaves,US,2012,Join our kingdom.
Kinerase,US,2013,It’s all about eyes.
Kinerase,US,2014,Since 1851.
Kinerase,US,2011,Since 1851.
Kinerase,US,2010,Active nature. Vital energy.
Keune,US,2012,The art of hair design.
Keune,CH,2012,The art of hair design.
Keri Overnight Deep Conditioning Moisture Therapy,US,2005,Keri is so very Healthy for your skin.
Keri Overnight Deep Conditioning Moisture Therapy,US,2012,Smoothing therapy.
Kerastase,UK,2010,Divine hair transformation.
Kent Brushes,US,2012,The world’s finest brushes.
Kenra,US,2012,Classic. Quality. Haircare.
Kenquest,UK,2002,Hair love.
Kenneth Cole Reaction,US,2007,The reaction of attraction.
Kenneth Cole Reaction,US,1994,For beauty and brilliance.
Katy Perry Royal Revolution,US,2014,The scent of victory.
Kinu Shima,UK,1987,The gentle art of bathing.
Kiss My Face,US,2012,Passionately natural – incredibly effective.
Kylie Minogue Darling,UK,2007,My fragrance.
Kylie Minogue Darling,UK,2011,Since 1980.
Kruger Tissue,UK,2009,Advancing workplace hygiene.
Kruger,UK,2005,Globally strong + Locally managed.
Kotex Ultra Thin,UK,1998,Protection never felt like this.
Kotex Thin Pads,US,1985,"Trusted protection, sensibly priced."
Kotex Stick Tampon,US,1977,It works.
Kotex Simplicity,UK,1997,Take everything in your stride.
Kotex Personals,US,1996,Kotex understands.
Kotex Overnight,US,2009,The sleep however you want.
Kotex Nightime,UK,2000,So much more than protection.
Kotex Maxi Pad,US,1975,Looking for an improved maxi pad? Just look for the rose.
Kotex Lightdays,US,1983,The comfort-design pantiliner. For just-showered freshness anytime.
Korres,US,2010,Natural formulations. Maximum results.
Korres,US,2011,Enjoy your life!
Konad,US,2013,Nail art so quick and easy.
Kolor,UK,2000,Pick a Kolor any colour.
Klorane,US,2012,Plant-based: pure and proven.
Kleenex Sneeze Shield,US,2014,Sneeze shield your kids wherever they go!
Kleenex For Men,UK,2004,Thank goodness for Kleenex Tissue.
Kleenex Cottenelle,US,1999,Feeling cleaner is the bottom line.
Kleenex Cottenelle,US,2011,Earn my affection.
Katrin,UK,2009,More happy hands.
Kassaki Blades,UK,2009,A must for the stylist.
Kassaki Blades,UK,2012,The ultimate edge for professionals.
Josie,US,1997,Anytime. Anywear.
Josie,US,2015,Real men wear pink.
Josie,US,2011,Some like it fresh.
Josie,US,2012,Bad feels so good.
Josie,US,2007,It’s always time to play.
Joop – Rococo,UK,2002,The new fragrance for the modern hero!
Jontue Perfume,US,1983,The beautiful fragrance by Revlon.
Jontue,US,1980,"Sensual, but not too far from innocence."
Joico,UK,2007,The art of healthy hair.
Johnson’s Suncare,UK,1998,Puts back the moisture the sun takes out.
Johnson’s Naturally Soft Shower Gel,UK,2002,For soft results every wash.
Johnson’s Moisture Care Baby Wash,US,2006,This feels right.
Johnson’s Melt Away Stress,US,2007,Stress. Less.
Johnson’s Holiday Skin,UK,2007,The UK’s favourite.
Johnson’s Extra Care Bodywash & Lotion,US,2006,Let us nurture your skin. Again.
Johnson’s Body Care,US,2009,We cared for you then. We care for you now.
Johnson’s Baby Top-To-Toe Wash,UK,2001,"Not just gentle, Johnson’s gentle."
Johnson’s Baby Softwash,UK,2002,Wash baby softness into your skin.
Johnson’s Baby Shampoo,US,1973,It can’t harm your eyes – It can’t hurt your hair!
José Eber,UK,2013,Waves for days.
Jovan,US,2010,It’s what attracts.
Jovan Whisper of Musk,US,1984,Discover how much a whisper can say.
Jovan Whisper of Musk,US,2013,The new fragrance just for her.
Jovan Whisper of Musk,US,2009,Soap-fun for soap-fans.
Kank-A,US,2010,Relief on the go!
Kanebo,UK,1985,The promise of younger looking skin.
Kandoo,UK,2002,Inspired by children. Created by Pampers.
Kandoo,UK,2012,The best of nature with the best of science.
Juvederm Ultra,UK,2009,Natural beauty without surgery.
Juvederm Ultra,UK,2012,Haircare for professionals.
Just For Men Touch of Gray,US,2008,Keep a little gray.
Jurlique,US,2013,Nature + science = beauty.
Jurlique,US,2013,With love and passion dedicated to serve your beauty.
Jurgen Schandelmeir,UK,2003,Love assault.
Jungle Gardenia,US,1995,The exotic white fragrance.
Jungle Gardenia,US,2005,Jump out of your suit.
Jungle Gardenia,US,2012,Honor yourself.
Juliana Nails,CH,2012,Aspiring to perfection.
Juliana Nails,AT,2012,Aspiring to perfection.
Juliana Nails,AT,2012,Aspiring to perfection.
Juice Beauty,US,2009,The organic solution.
Kupa Incorporated,US,2013,Infinite possibilities.
Kyoku for Men,US,2013,The men’s shave and grooming destination.
Kyoku for Men,US,2000,Believe in beauty.
Lady Jane,UK,1993,Makes heads turn.
Lady Clairol,US,1973,You do it for her. She’ll do it for you.
Lactacyd Femina,UK,2000,New Lactacyd Femina. Works in harmony with your body.
Laboratoires Serobiologiques,UK,2005,The know-how at the service of innovation.
Laboratoires Garnier Synergie Pure,UK,2000,Pure confidence comes from pure skin.
Laboratoires Garnier Fructis,UK,2000,For hair that shines with all its strength.
Laboratoires Garnier Blonding Contrasts,UK,2000,Salon effects without the salon.
Labello,US,2010,Nobody loves lips more.
Lab Series,UK,2013,High tech. High performance. Skincare for men. Only.
La vie est belle,US,2014,Life is beautiful.
La vie est belle,US,2011,Beauty and care from the sea.
La Prairie,UK,2007,Switzerland.
La Femme Fenjal,UK,2002,For dangerously smooth skin.
La Femme Fenjal,UK,2012,The culture of total beauty.
LR Health & Beauty,CH,2010,Feel good. Look great.
LR Health & Beauty,AT,2010,Feel good. Look great.
LIVE Unlimited Colors,UK,2000,From Blonde Extreme to Cosmic Blue Discover a world of colors. Live.
LIVE Unlimited Colors,UK,2013,Sensual pair care.
LCN,US,2007,The concept of beauty.
LCN,US,2011,Feel the beauty.
LCN,US,2012,The first ever black eau de parfum.
Lady’s Choice,US,1984,It works more beautifully than ever.
Kyomi,UK,1991,"Works with your body, not against it."
LadyCare,UK,2013,A joyful journey through menopause.
Lancome Rouge Idole,US,1996,"Colour that clings to your lips, comfort that’s endlessly indulgent. 17 star-kissed shades."
Lancome Renergie Eye,US,1994,From a proven power against time.
Lancome Primordiale Intense,UK,2000,Believe in beauty.
Lancome Miracle So Magic,UK,2004,The sparkling new fragrance from Lancome.
Lancome Maquidouceur,US,1994,"Radiant beauty, flawless comfort."
Lancome Magnifique,US,2008,"You are unique, you are magnifique."
Lancome Genifique,US,2009,10 years of research – 7 international patents.
Lancome,UK,2003,World leaders in mascara.
Lancombe Maqui-Libre,US,1996,A freedom your skin has never felt before.
Lancombe Hydra Controle,US,1995,A lastingly fresh outlook.
Lancaster Suractif Retinol Deep Lift,UK,2000,The most beautiful age? Yours.
Lancaster Suractif Retinol Deep Lift,UK,2011,The DNA of beauty.
Lanacane,US,2005,Stops the itch Saves your skin.
Lamisilk,US,2006,Cleanse. Hydrate. Protect. Lamisilk.
Lamisilk,US,2002,You make it happen.
Lamisilk,US,2013,Ayurvedic beauty.
Lamisilk,US,2013,Inspired haircare.
Laila,US,2010,The essence of Norway.
Laila,US,1990,A man. A woman. A camera.
LA Looks,US,2014,Absolute styling.
L.A. Looks,US,2013,Absolute styling.
L.A. Looks,US,2013,Active beauty.
L’Oréal Sublime Bronze,UK,2004,Self-tanning innovation.
L’Oréal Fortavive,US,1996,For the life of your hair.
L’Oréal Feria Color,UK,2000,The new language of colour.
L’Oréal Excellence Cream,UK,2005,Why use anything else.
L’Oréal Excellence,US,1994,Caring and protecting color.
L’Oréal Elvive Nutri-Gloss,UK,2007,You’re worth it.
L’Oréal Elvive Color Protect,UK,2004,UK’s No.1 colour care programme.
L’Oréal Elvive Antibreakage,UK,2004,Tailor-made technologies for every hair need.
L’Oréal Dermo-Expertise,UK,2003,From research to beauty.
L’Oréal Ceramide Resist,UK,2003,Under the colour there’s strength.
L’Oréal Body Expertise,UK,2002,An alliance of science and sensuality.
L’Oréal Age Re-Perfect,UK,2006,For very mature skin.
L’Oreal Plenitude,US,1997,Reduces the signs of aging.
L’Oreal Color Spa for Men,US,2001,Feel the health.
L’Oreal Casting,US,1995,Haircolor with brilliance.
L’Oreal Casting,US,2013,Passion in hair.
L’Homme Yves Saint Laurent,UK,2008,Sheer magnetism.
L’Erin Cosmetics,US,1980,Be beautiful now.
L’Erin,US,1982,Let L’Erin color true shadow do the talking.
L’Erin,US,2000,Love fills the air.
L’Oréal Glam Shine,UK,2004,Sweet mouth watering lips.
L’Oréal Infallible Never Fail Lipcolor,US,2008,The proof is in the mirror.
L’Oréal Inoa,UK,2009,The hair colour revolution.
L’Oréal Professional Luocolour,UK,2004,Fresh colour. Fresh shine. Hair by hair.
L’Oréal Studio Line Hot Straight,UK,2004,"It’s straight, it’s hot and it lasts."
L’Oréal Studio Line,UK,1999,Style and love for my hair.
L’Oréal Studio Line,UK,2006,"Your style, your studio."
L’Oréal Studio – Out Of Bed,UK,2003,Lasting messed up effect – No.1 styling in the UK.
L’Oréal Special FX Studio,UK,2000,Style and love for your hair.
L’Oréal Skin Genius,US,2008,That’s skin genius. Only from Skin Genius.
L’Oréal Recital Preference,UK,2005,Colour that shines on and on.
L’Oréal Rayonnance,UK,1991,Keeps first day colour alive.
L’Oréal Plentitude Hydrafresh,UK,2000,"It’s ultra-hydrating, non-greasy, and packed with vitamins and minerals. It just melts in."
L’Oréal Jet-Set Nail Varnish,UK,2000,Speed dry nail varnish.
nu:u,UK,2005,Welcome to the super nu:u.
L’Oréal Plenitude Age Perfect,UK,2000,81% of women claimed anti-sagging effectiveness in consumer tests.
L’Oréal Perfect Blonde Crème,UK,2009,Worldwide No.1 in hair colour.
L’Oréal Paris Academy,US,2011,Watch. Learn. Share the experience.
L’Oréal Nouriance,UK,1990,Because dry hair deserves that special care.
L’Oréal Longitude Mascara,UK,2000,Up to 30% visibly longer.
L’Oréal Les Blondissimes,US,1997,Blondest blonde without brassinesss.
L’Oréal Kids,UK,2000,We’re worth it too.
Milton-Lloyd,UK,2013,Pioneers in perfumery since 1975.
Minikim,UK,2002,Love is.
Minikim,UK,2005,Don’t go for less.
Oster,US,2009,Creativity. Power. Performance.
Osis,UK,2001,Inspired by hair stylists.
Osca de la Renta,US,1993,Experience the power of femininity.
Osca de la Renta,US,2011,Beauty ritual for your hair.
Origins Organics,UK,2008,You are what your skin eats.
Origins,US,2012,Powered by nature. Proven by science.
Original Source Mint Shower,UK,2004,Nature. Powerful stuff.
Original Source Mint Shower,UK,2008,Natural swedish cosmetics.
Organza Indecence,US,2000,The indecently new fragrance.
Organix,US,2010,Beauty pure and simple.
Organique by Himalaya,UK,2013,Inspired by an invaluable heritage.
Organics,UK,2001,Gives great hair.
Organic Moods,US,1994,Energy. Tranquility. Harmony.
Organic Blue,UK,2011,Natural philosophy.
Orbit Complete,UK,2008,The easy way to fight plaque.
Orange Burst,UK,2005,Natural products that make a difference.
Oralgiene,US,1994,The science of oral hygiene.
Oral-B Zendium,US,1985,Let the Oral-B team help you win the fight against plaque.
Oral-B Zendium,UK,1984,The first real advance in toothpaste since fluoride.
Oral-B Vitality,UK,2006,Turn on a healthy smile.
Osmo,US,2013,Corrupt and manipulate your head.
Osumex,US,2013,The natural way to better health.
Oral-B Stages 1,US,2014,Two strong little teeth.
Oral-B Stages 1,US,2015,Change your view.
Palmolive Aromatherapy Sensual,UK,2003,Shower with Palmolive Aromatherapy Sensual.
Palmolive Aroma Therapy,UK,2002,Massage your senses.
Palmolive Aroma Crème,UK,2004,Indulge your skin and your senses.
Palmolive Aroma Crème,UK,2000,The touch of nature.
Palmer-Cutler,UK,2004,It is.
Palmer’s Shea Butter Formula,US,2004,Nature’s treatment for soft radiant skin.
Palmer’s Cocoa Butter,UK,1994,"When science meets nature, something beautiful happens."
Pacquin,US,1982,When a lotion isn’t enough.
Paba Plus,US,1980,This unique moisturizer can help prevent premature aging of the skin Even skin cancer.
Paba Plus,US,2011,A full manufacturing service.
PBA Professional Beauty Association,US,2012,Advancing our industry.
P20 Sunfilter,UK,2001,Tried & tested in the Sahara.
P&G,UK,2009,That’s the everyday effect.
Oxy Skin Care,US,2013,The leader in acne care.
Oxy Duo Pads,UK,2000,"Think oxy, think oxygen. Get it?"
Oxy Daily Wash,UK,2002,Don’t ruin your chances.
Oxy Balance,US,1998,Nothing looks better than skin with balance.
Oxy,UK,2013,Natural skin science.
Overnight Success,US,1984,Discover overnight success. Wake up to younger looking skin.
Oral-B Triumph,US,2005,Smart technology – Brilliant results.
Oral-B Pulsar,UK,2007,Changing the way you brush – Forever.
Miracle,UK,2000,You make it happen.
Old Spice Cologne,US,1975,"A classic fragrance, a great gift."
Old Spice Cologne,US,2010,Where freshness smells from.
Olay Touch,UK,2001,Beauty you can feel.
Olay Sun Effects,UK,2008,Fighting ageing just got sunnier.
Olay Regenerist Luminous,US,2015,Your best beautiful.
Olay Regenerist,UK,2015,Your best beautiful.
Olay Professional Pro-X,US,2009,Potent. Proven. Professional.
Olay Complete Everyday Sunshine,UK,2006,Love the sun kissed skin you’re in.
Olay Complete,US,2016,#ageless.
Olay All Day Moiture Stick Foundation,UK,2000,Sometimes the simplest things make you feel beautiful.
Oilatum Bath Formula,UK,2001,Soothes. Rehydrates. Helps protect.
Oilatum,UK,2000,Oilatum gets it sorted beautifully.
Oil of Olay Total Effects Foundation,UK,2000,Proven to reduce the appearance of 7 signs of ageing.
Oil of Olay Daily Renewal Body Wash,UK,2000,Proven to give you younger looking skin.
Oil of Olay Daily Facials,UK,2000,Proven to cleanse and condition like a facial.
Ogilvie Precisely Right,US,1981,The body and styling wave that takes the guesswork out of perming.
Ogilvie,US,1975,We know how to treat your hair.
Oenibiol,UK,2002,Beauty by nutrition.
Odor Eaters,UK,2006,Instantly kill foot odour.
Odor Eaters,UK,2011,Your beauty nectar.
Old Spice,CH,2010,Where freshness smells from.
Old Spice Ever Clear,US,2009,Reisdue is evil – Stop it.
Oral-B Humming Bird,UK,2005,The new buzz in flossing.
Old Spice Pro Strength,US,2008,You don’t need a prescription.
Oral-B Glide,US,2014,Nothing hides from Glide.
Oral-B Cross Action,UK,2001,Helping you have healthy teeth for life.
Oral-B Brush-Ups,US,2004,"Now you can brush your teeth anytime, anywhere."
Oral-B,US,1996,The brand more dentists use themselves.
Oral B Pulsar,UK,2006,A clean you can feel.
Oral B,UK,2009,Power to the people.
Orajel Toddler Training,US,2004,What moms want & kids love.
Orajel,US,2008,For better brushing every time.
Opus Oils,US,2010,Scents of imagination.
Opium,US,1994,Sensuality to the extreme.
Opi Manicure,US,2007,For visibly younger-looking hands.
Opalescence,US,2013,The leader in whitening.
Opalescence,US,1989,Only for you.
Opalescence,US,2006,Refresh your breath.
One 2 One,US,1996,To preserve and protect.
Ombre Stretch,UK,2008,"Imagine, blend and amaze."
Olivia Garden,US,2013,The best in professional beauty tools.
Old Spice Red Zone Double Impact,US,2008,It’s two things.
Old Spice Red Zone Body Spray,US,2006,Smell great longer. Stay out later.
Palmolive Bath Foam,UK,2001,Your senses at ease.
Palmolive Deodorant,UK,2001,Performs under pressure.
Palmolive Naturals,UK,2006,Your daily source of moisture.
Palmolive Naturals,UK,2013,"Beauty care – for every type, every skin and for every age!"
Pizazz!,US,2004,Put a little Pizazz in your smile right now.
Piz Buin Mountain,UK,2002,Designed for the mountains. Tested in the Himalayas.
Piz Buin,CH,2008,"With Piz Buin, life is better in the sun."
Pitrok,UK,2013,Sensitive skin deodorants for all day protection without irritation.
Pitrok,UK,2010,Experts in therapy.
Pinks Boutique,UK,2008,Beauty within.
Pinks Boutique,UK,2013,Strength and shine to your hair.
Pinks Boutique,UK,2011,Helen Pietrulla – a Life of Beauty.
Phytocitrus Soin,US,2004,For radiance. For health.
Phytocitrus,UK,2002,Perfect ingredients for perfect hair.
Phyto Shield Botanical Toothpastes,UK,2007,The finest tasting natural toothpaste on the market.
Phyto,UK,2013,The botanical power.
Phyto,UK,2011,My skin care.
Physio Sport,UK,2000,Sport on the brain sport on the body.
Phisoderm Self Heating Scrub,US,2004,You can’t beat the heat.
Phisoderm Herbal Astringent,US,2004,Feels as good as it smells.
Philosophy,US,2013,Believe in miracles.
Philishave Tracer,UK,1988,The looks of a winner.
Philishave,UK,1988,The perfect performer.
Plak Smacker,US,2013,"Fun products, friendly staff & fantastic prices!"
Plak Smacker,US,2013,For hair over forty.
Palmolive Thermal Spa,UK,2003,The sensations of a spa masage.
Palmolive Thermal Spa,UK,2010,Press to play.
Palmolive Thermal Spa,UK,2006,Don’t go for less.
Poly,UK,1990,Beautiful colour made easy.
Poligrip Super Ooze Control,US,2004,Less ooze. It’s big news.
Poligrip Super,US,2004,Seals out food. Seals in comfort.
Poligrip ComfiSeal Strips,UK,2007,"A new way to hold your dentures all day, every day."
Polident Overnight,US,2004,Every night keeps ’em white.
Polident 5 Minutes,US,2003,Minty fresh odour control.
Polident,US,2006,Experience lasting freshness.
PoliGrip Strips,US,2006,A neat way to hold all day.
Poli-Grip Ultra,UK,2001,The quick-step to confidence.
Poise Ultra Thin,US,2004,The right pad.
Poise Pantiliners,US,2007,"Yes, I can."
Poise Pantiliners,US,2012,The beauty store.
Plus White,US,2013,The teeth whitening experts.
Plentitude,UK,1989,Delays the signs of ageing.
Playtex Glide,UK,2003,So comfortable you won’t believe it.
Playtex Feminine Towelettes,US,1976,Double protection for extra confidence.
Playtex Beyond,US,2004,Comfort and convenience that’s way beyond.
Playtex Beyond,US,2012,Press to play.
Philips Sonicare,UK,2006,Take care of your body.
Philips Shavers,UK,2007,Feel different.
Philips Senso Touch 3D,UK,2013,An answer for every face.
Philips Philishave,UK,2002,Set for comfort.
Philips Philishave,UK,2011,Products for a better life.
Philips Philishave,UK,2004,Love your feet.
Pedigree Denta Stix,UK,2002,"You clean your teeth every day, so should your dog."
PediTech,UK,2002,No mean feet.
PediTech,UK,2013,Adore your skin.
Pears,UK,2004,Clearly kind to skin for generations.
Pearl Drops,US,1984,Helps get teeth their whitest and fights cavities too.
Pearl Drops,UK,2000,See the whiteness feel the shine.
Paula Young Fashion Wigs,UK,2004,America’s number one brand.
Paula Young,US,2006,America’s natural choice for beautiful hair.
Paula Dorf Cosmetics,US,2013,Become your own makeup artist.
Pastale,UK,1986,The fragrance that’s part of you.
Pantene Pro-V Smoothe & Silk,UK,2004,Now you can say goodbye to frizz.
Pantene Pro-V Smooth & Sleek,UK,2003,Your chance to shine.
Pantene Pro-V Radiant,UK,2003,The measure of healthy looking hair.
Pantene Pro-V Essentials,US,2000,Treat your hair like you treat your skin.
Pampers Kandoo,UK,2006,I can do it with Kandoo.
Pampers Baby Dry,UK,2002,It hugs. It fits. It works.
Palmolive Vitamins shower creme,UK,2000,"New Palmolive Vitamins Shower Crème. For healthy, younger looking skin."
Palmolive Vitamins shower creme,UK,2001,Sun & more.
Perfect Pout,UK,2003,"Fuller, sexier looking lips!"
PerfumeLover,UK,2013,Love perfume and more…
Petritsch,AT,2013,Smells to die for.
Philips Moi,UK,2004,"Acts like a blade, protects like an electric."
Philips Moi,UK,1991,Ladyshave – Ladylike.
Philips Moi,UK,2012,Express yourself every day.
Philips Moi,UK,2013,Green luxury.
Pharma Clinix,UK,2013,Beauty meets science.
Pharma Clinix,UK,2013,High precision beauty care.
Pharma Clinix,UK,2008,The touch of beauty.
Pevonia Botanica,UK,2002,Exclusively in all the right places.
Peter Thomas Roth,US,2013,Breakthrough formulas. Astonishing results.
Perfumexy,US,2010,Delightful price and service our no.1 priority.
Perfumexy,US,2001,Look twice.
Perry Ellis America,US,1996,It’s big – Really big.
Perry Ellis,US,1994,Life is how you change it.
Perricone MD,US,2016,Serious about beauty.
Perox-Chlor,UK,1950,A marvel of scientific chemistry.
PermaSoft,US,1994,Soft curl. Soft color. Soft touch.
PeriProducts,UK,2009,Innovation in oral care.
Perhaps,US,1997,It’s your new fragrance.
Occo Skin Studio,US,2013,Rejuvenation redefined.
Obsessive Compulsive Cosmetics,US,2013,100% vegan & cruelty-free.
OPI,CH,2013,The culture of color.
Nanoblur,US,2013,High definition ready skin in seconds!
Nair Exfoliating Cream,UK,2009,3 steps to heavenly legs.
Nair,UK,2004,It just doesn’t get any easier.
Nailtiques,US,2007,Nothing else even comes close.
Nailtiques,UK,2000,Naturally the winning formula.
Nailoid Results,UK,2001,Results that speak for themselves.
Nailoid,UK,1988,Beauty at your fingertips.
Nailene,US,1994,Irresistibly natural. Irresistibly you.
Nailene,UK,2007,The nail experts.
Nailene,UK,2013,More than nailart.
Nail Tek,US,2007,The natural nail experts.
Nail Girls,UK,2013,Inspired by fashion painted on nails.
Nail Girls,UK,2013,The art of nails.
Nad’s,US,2013,"Beautiful skin, naturally."
Nad’s,UK,2012,"Beautiful skin, naturally."
Nad’s,UK,2013,The science of beauty.
NO-AD,UK,2013,More lotion…less promotion!
NMF Neil Morris Fragrances,US,2010,Fragrances for individuals.
NATorigin,UK,2013,Extreme tolerance.
NATorigin,UK,2010,House of perfumes.
Naked Cosmetics,US,2013,Get Naked!
Natori,US,1995,All you are – All you will become.
Neosil,UK,2003,The new sensation in skin cleansing.
Neosil,UK,2010,Healthier by nature.
Neal & Wolf,UK,2013,Indulgence redefined.
Nautica Voyage,US,2010,Know no boundaries.
Nautica Oceans,US,2009,One with the water.
Nautica Latitude Longitude,UK,2001,A new adventure in fragrance.
Nautica Latitude Longitude,UK,2001,Harmonise your senses.
Nature’s Tears EyeMist,US,2013,The all natural mist for dry eyes.
Nature’s Innovation,US,2013,Fine products made by nature.
Nature’s Gate Natural Suncare Collection,US,1999,Dress code for today’s active people.
Nature’s Gate,US,2007,Write your own story.
Nature’s Answer,US,2013,Since 1972.
Natural White,UK,2001,The tooth whitening company.
Natural Wellness,US,2013,Tools and ideas for optimum health.
Natural Vitality,US,2013,Nurture your inner nature.
Natural Impact,US,2013,Better health – better life.
Natural Impact,US,2013,Discover your natural attraction.
Natural Being,UK,2013,Certified natural skincare.
Natural & Easy,US,2007,For colours that don’t look coloured.
Natural & Easy,US,2013,My skin. My secret.
NaturOli,US,2007,This holiday season give mother nature’s finest!
NaturOli,US,2003,The secret of a woman.
MyDevaCurl,US,2013,Calling all curls.
MyDevaCurl,US,2013,Your perfect sized condom.
MyDevaCurl,US,2013,It’s yours.
MyDevaCurl,US,1991,The art of creating parfum.
MyDevaCurl,US,1990,Moments can change your life.
MyDevaCurl,US,2013,The fragrance for fashionistas.
Moisture wear by Cover Girl,US,1980,Helps skin over 25 look younger.
Moisture Whip Maybelline,US,1980,It’s good for you to look beautiful.
Modele,US,2006,Age less.
ModelCo,US,2013,A smarter way to a glamorous life.
MoYou,UK,2013,Express your creativity.
Mixed Chicks,US,2013,A curly revolution.
Mitchum Cool Dry,UK,2002,Tried. Trusted. Trendy.
Mitchum,UK,2007,With you all the way. 48 hour anti-perspirant protection.
Mistry’s,UK,2013,Organic naturally.
Mistry’s,UK,2016,Love your skin.
Miss Worth,UK,1979,The vivacious fragrance for the 80s.
Miss Sixty,UK,2005,Fragrance of excess.
Miss Sixty,UK,2005,Fragrance of excess.
Miss Dior Cherie L’eau,UK,2009,The charming new fragrance.
Mirena,UK,2006,Fit and forget contraception.
Miracle Mea,UK,2000,The reduction of fine lines in just eight weeks.
Monsoon,UK,1996,Seemorehearmoresmellmoretastemorefeel Monsoon.
Montagne Jeunesse,UK,2000,Sexy anti stress remedies.
Montagne Jeunesse,UK,2007,The skincare authority.
Mudd,US,1981,Nature’s own problem solver.
My Sensitive Skin Care,US,2013,"Safe, natural beauty solutions for sensitive skin."
My Insolence,UK,2007,Dare to be yourself.
My Insolence,UK,2006,I just wear Mustang.
My Insolence,UK,2003,You are the inspiration.
Murray’s Pomenade,UK,2013,Quality hair care products since 1925.
Murmure,UK,2002,"A voice, a woman, a fragrance."
Mudd Moist,UK,1990,Leaves your skin smoother – softer!
Mudd Mask Sensitive,UK,1990,Leaves your skin so clean it can breathe!
Mr. Pumice,US,2013,World’s finest quality.
Mr. Pumice,US,1992,Balance your skin.
Motions,US,2010,Get your pretty.
Morphy Richards Mark Hill Twist & Lift Hairdryer,UK,2001,Salon results everytime.
Morphy Richards,UK,1988,A girl’s best friend.
Morphy Richards,UK,2016,One brand: a world of oil-infused beauty.
Morphy Richards,UK,2013,Be smart. Order blades.
Moringa Pure,CH,2015,Back to balance.
Moringa Pure,CH,2009,More & More myself.
Moraz,UK,2013,Beautiful skin without the chemicals.
Neet,US,1993,The touchable feeling of Neet.
Neet,US,2013,With love and care.
OMS Optimum Medical Solutions,UK,2010,Innovation through understanding.
Nokomis,US,1997,The fragrance that speaks to a woman’s soul.
Nobilis,UK,2010,The noble house of beauty.
Nobilis,UK,2010,The noble house of beauty.
No7 Pure Care Contact Lens Mascara,UK,1990,"Looks pretty good, too."
No7 Protect & Perfect,UK,2007,The one that everyone’s talking about.
No7 Positive Action,UK,2003,Your No1 way to look younger.
No7 Intelligent Moisture Lipstick,UK,2003,"Smoother, fuller looking lips for up to 12 hours."
No7 Intelligent Colour Foundation,UK,2002,"Simple foundation, whatever your make up."
No Miss,US,2013,Quality at a price you can afford!
Nizoral Anti-Dandruff Shampoo,US,2000,The freedom will go to your head.
Nizoral,UK,2003,At last get confident.
Nivea Visage Q10 Plus,US,2002,The world’s #1 anti-wrinkle cream just got better.
Nivea Visage Q10,UK,2007,The world’s favourite anti-wrinkle cream.
Nivea Visage Q-10 Anti-Wrinkle,US,2005,Visibly reduces and helps prevent new wrinkles.
Nivea Visage Multiple Results,US,2004,Inspired by the way skin works.
Nivea Visage Facial Wipes,UK,2003,"For your skin, for her skin."
Nivea Visage All Day Aqua,UK,2001,Pure moisture 24 hours a day.
Nivea Sun Pampering Protection Mousse,UK,2004,Pampering sun care.
Nivea Sun Children’s Sun Spray,UK,2006,Maximum protection for your little gem.
Nivea Renewal Night Cream,US,2004,Change your routine.
Nivea Renewal Night Cream,US,2011,The nail college.
Nivea Renewal Night Cream,US,2013,Keep it safe.
Neutrogena Ageless Essentials,US,2009,"Like you, again."
Norelco Advantage,US,2003,Ultra close. Ultra comfortable Guaranteed!
OGX,US,2016,Beauty pure and simple.
OGX,US,1989,O.K. O.B.
OGX,US,2013,Body discovery products.
OGX,US,2011,In touch with tomorrow.
Néolia,US,2010,Nature’s moisture for your skin.
Nuvo,US,2011,Be glamorous.
Nudit,US,1982,The feminine way to beautiful skin.
Nude Skincare,UK,2013,You are more beautiful Nude.
NuHair,US,2013,The natural solution for hair loss.
Nu Skin,US,2007,The difference demonstrated.
Nu Skin,UK,2010,The difference demonstrated.
Nu Skin,CH,2010,The difference demonstrated.
Nu Skin,AT,2010,The difference demonstrated.
Nu Skin,AT,2010,The difference demonstrated.
Noxzema Wet Cleansing Cloths,US,2004,Face the tingle.
Noxema,US,1993,Your face belongs to Noxema.
Nova Plastic Surgery,US,2012,"It’s still you, only better."
Norell,US,2015,Each time is the first time.
Norelco Reflex Action,US,2003,Give the gift of closeness
Nivea Pearl & Shine,UK,2003,Live life with a smile.
Nivea Men,UK,2013,It starts with you.
Nivea Lotion,UK,1985,The lightest lotion to appear out of the blue.
Nivea Lip Care Essential,UK,2001,Daily care for soft smooth lips.
Nic’n Easy Root Touch Up,UK,2016,The perfect partner.
Nexxus,UK,1993,Nature and earth united with science.
Nexxus,UK,2013,Take your hair to the Nexxus level.
Newyorkcolor.com,US,2006,Quality cosmetics at a value price.
Newskin,AT,2013,Nothing is forever.
Newskin,AT,1989,Good news for hair.
Newskin,AT,2013,New ideas in cosmetics.
New-Skin,US,2013,Cover. Protect. Prevent.
New-Skin,US,2004,For maximum volume.
New Libra,UK,1983,"Even softer, even safer."
New Edge Active Care,US,2001,Save your skin.
Neutrogena Rainbath Shower Gel,US,1982,"Pure necessity for smooth, clean skin."
Neutrogena Oil Free Acne Wash,US,2003,"One cleanser, clear skin."
Neutrogena Norwegian Formula Hand Cream,UK,2001,"Relieves, moisturises, protects."
Neutrogena Mineral Sheers,US,2006,Dermatologist recommended.
Neutrogena Heat Safe,US,1994,Now your hair can take the heat!
Neutrogena Healthy Skin Radiance,US,2004,What your skin would choose.
Neutrogena Comfort Balm,UK,2004,Sheer comfort even for the driest skin.
Neutrogena Body Oil,US,1993,The sensual moisturizer.
Nice ‘n Easy,UK,2009,Be a shade braver.
Nice ‘n Easy Haircolor,US,1973,It sells the most.
Nice’n Easy with Lasting Touch,US,1981,For beautiful color with conditioning that lasts.
Nivea Body Milk,UK,2001,I love my body.
Nivea Hand Q10,UK,2006,Hands to feel proud of.
Nivea For Men Oil Control,UK,2004,Oil control face care.
Nivea For Men,US,2003,More evolved skin care.
Nivea Deodorant Pearl & Beauty,UK,2006,Accessorize your underarms.
Nivea Deodorant Compact,UK,2002,It’s only small on the outside.
Nivea Body Renewal,US,2003,Wake up to improved skin.
Nivea Body Q10,US,2003,Add Nivea for firmer skin.
Nivea Body Night Renewal,UK,2003,Caring for your body while you sleep.
Nivea Body Night Renewal,UK,1999,I love my body.
Nickel,US,2013,Spa for men.
Nickel,US,1997,The colours of care.
Nivea Bath Care Pampering Shower Oil,UK,2003,Turns water into care.
Nioxin,UK,2007,Your business deserves our best treatment.
Niosome System Anti-Age,US,1988,A futuristic beginning to younger looking skin.
Nina Ricci Nina,UK,2008,The magical fragrance.
Nimue Skin Technology,UK,2005,Experience skin excellence.
Nimue Skin Technology,UK,1993,To the stars.
Nicole by OPI,US,2009,Colors with a conscience – Respect yourself – Respect the world.
212sexy,UK,2004,The sexiest new fragrance.
